건물명,대지위치,운동시설,교육_학습시설,키즈시설,시니어시설,공유오피스_회의,라운지_휴게,사우나_목욕,편의_생활시설,기타미분류
.,서울특별시 중구 입정동 2-4번지,0,0,1,1,0,0,0,0,1
101,서울특별시 관악구 신림동 513-17번지,0,0,0,0,0,0,0,0,1
1519-3 공동주택,서울특별시 관악구 봉천동 1519-3번지,0,0,0,0,1,0,0,1,0
CONEST,서울특별시 서초구 서초동 1365-8번지,0,0,0,0,0,0,0,0,1
DMC SK VIEW,서울특별시 은평구 수색동 30-2번지,1,1,1,1,0,0,1,0,1
DMC 래미안 e편한세상,서울특별시 서대문구 북가좌동 144번지,1,1,1,1,0,1,1,0,1
DMC갤러리아,서울특별시 서대문구 북가좌동 330-6번지,0,0,0,0,1,0,0,0,0
DMC센트럴아이파크,서울특별시 서대문구 남가좌동 369-10번지,1,1,1,1,0,1,1,0,1
E-아름다운세상,서울특별시 성동구 성수동2가 280-31번지,0,0,1,0,0,0,0,0,0
H House 대림 뉴스테이,서울특별시 영등포구 대림동 994-1번지,0,0,0,0,1,0,0,0,1
K HILLS,서울특별시 강남구 논현동 130-9번지,1,0,0,0,0,1,1,0,0
LH도시형생활주택,서울특별시 강남구 세곡동 블록,0,0,1,0,0,0,0,0,1
LH아파트,서울특별시 강남구 세곡동 블록,1,1,1,1,0,0,1,0,1
Mapo The Classy,서울특별시 마포구 아현동 662번지,0,1,1,1,0,0,0,0,1
NINE ONE Hannam,서울특별시 용산구 한남동 680-1번지,0,1,1,1,0,0,0,0,0
SH 아파트,서울특별시 강서구 마곡동 블록,0,1,1,1,0,0,0,0,1
SH도시형생활주택(1),서울특별시 구로구 천왕동 블록,0,0,0,0,0,0,0,0,1
SH아파트,서울특별시 강동구 상일동 산2-3번지,1,1,1,1,1,1,1,0,1
SH아파트 6BL,서울특별시 강서구 마곡동 블록,1,0,1,1,0,0,1,0,1
SH아파트 8BL,서울특별시 강서구 마곡동 블록,1,0,1,1,0,0,1,0,1
SH아파트(10-1BL),서울특별시 강서구 마곡동 블록,1,1,1,1,0,0,1,0,1
SH아파트(11BL),서울특별시 강서구 마곡동 블록,0,1,1,1,0,0,0,0,1
SUITE HILL,서울특별시 서초구 서초동 1622-9번지,0,0,0,0,0,0,0,0,1
TRIZIUM 980,서울특별시 강서구 화곡동 980-26번지,0,0,0,0,1,0,0,0,0
dk182,서울특별시 강서구 화곡동 1128-5번지,0,0,0,0,0,1,0,0,0
e편한세상 강동에코포레,서울특별시 강동구 길동 43번지,0,1,1,1,0,0,0,0,1
e편한세상 고덕 어반브릿지,서울특별시 강동구 상일동 554-38번지,1,0,1,1,0,0,1,0,1
e편한세상 광진 그랜드파크,서울특별시 광진구 구의동 680번지,0,1,1,1,0,0,0,0,0
e편한세상 마포3차,서울특별시 마포구 용강동 91-1번지,0,0,1,1,0,1,0,0,1
e편한세상 보문,서울특별시 성북구 보문동3가 225번지,0,1,1,1,0,0,0,0,1
e편한세상 서대문,서울특별시 서대문구 홍은동 104-4번지,0,1,1,1,0,0,0,0,1
e편한세상 신촌,서울특별시 서대문구 북아현동 149-1번지,1,1,1,1,0,0,1,0,1
e편한세상 염창,서울특별시 강서구 염창동 277-24번지,0,1,1,0,0,0,0,0,1
e편한세상 영등포 아델포레,서울특별시 영등포구 대림동 917-49번지,1,1,1,1,0,0,1,0,1
e편한세상 화랑대,서울특별시 중랑구 묵동 81-17번지,0,1,1,1,0,0,0,0,1
가락1차 현대아파트 재건축 정비사업,서울특별시 송파구 문정동 3번지,1,1,1,1,0,0,1,0,1
가락동171-5 가로주택 정비사업,서울특별시 송파구 가락동 171-5번지,1,0,0,0,0,1,1,0,1
가락미륭아파트 재건축정비사업,서울특별시 송파구 가락동 138번지,1,1,1,1,1,1,1,1,1
가락현대5차 소규모 재건축 정비사업,서울특별시 송파구 가락동 161-3번지,1,1,1,1,0,0,1,0,1
가양동 1457-1번지 도시형생활주택,서울특별시 강서구 가양동 1457-1번지,0,0,0,0,0,0,0,0,1
가재울센트레빌아파트,서울특별시 서대문구 남가좌동 381번지,0,0,1,0,0,0,0,0,1
갈현동 도시형생활주택,서울특별시 은평구 갈현동 481-20번지,0,0,0,0,0,0,0,0,1
강남 더샵 포레스트,서울특별시 강남구 수서동 537번지,1,1,1,1,0,0,1,0,1
강남 효성해링턴 코트,서울특별시 강남구 세곡동 541번지,0,0,1,0,0,0,0,0,1
강남데시앙포레,서울특별시 강남구 수서동 블록,0,0,0,0,0,0,0,0,1
강남센트럴아이파크,서울특별시 강남구 역삼동 712-3번지,1,1,1,1,0,0,1,0,1
강남한양수자인,서울특별시 강남구 율현동 블록,1,1,1,1,1,0,1,0,1
강동 밀레니얼 중흥S-클래스,서울특별시 강동구 천호동 423-200번지,0,0,1,1,0,0,0,0,1
"강동구 천호동 50-10, 14 도시형 생활주택(아파트형 주택)",서울특별시 강동구 천호동 50-14번지,0,0,0,0,0,0,0,0,1
강동리버스타운,서울특별시 강동구 천호동 385-1번지,0,0,0,0,0,0,0,1,0
강동리버스트8단지,서울특별시 강동구 강일동 66번지,1,1,1,1,0,1,1,0,1
강동리엔파크9단지,서울특별시 강동구 강일동 산22-36번지,1,1,1,1,0,1,1,0,1
강동헤리티지자이,서울특별시 강동구 길동 160번지,1,0,1,1,0,0,1,0,1
강북3 재정비촉진구역 재개발 정비사업,서울특별시 강북구 미아동 45-32번지,0,0,1,0,0,0,0,0,0
강북구 번동 모아주택 1구역 가로주택정비사업 신축공사,서울특별시 강북구 번동 429-114번지,1,0,1,1,0,0,1,0,0
강북구 번동 모아주택 2구역 가로주택정비사업 신축공사,서울특별시 강북구 번동 429-97번지,1,0,1,1,0,0,1,0,1
강북구 번동 모아주택 3구역 가로주택정비사업 신축공사,서울특별시 강북구 번동 430-27번지,1,0,1,1,1,1,1,0,1
강북구 번동 모아주택 4구역 가로주택정비사업 신축공사	,서울특별시 강북구 번동 428-4번지,1,1,1,1,0,1,1,0,1
강북구 번동 모아주택 5구역 가로주택정비사업 신축공사,서울특별시 강북구 번동 427-63번지,1,1,1,1,1,1,1,0,0
강북구 수유동 역세권 청년주택,서울특별시 강북구 수유동 47-52번지,0,1,0,0,0,0,0,1,1
강서센트레빌3차,서울특별시 강서구 방화동 893번지,0,0,1,0,0,0,0,0,0
강서한강자이,서울특별시 강서구 가양동 1500번지,0,1,1,1,0,0,0,0,1
강서힐스테이트,서울특별시 강서구 화곡동 1165번지,0,1,1,1,0,1,0,0,1
강일2지구 1단지 아파트,서울특별시 강동구 강일동 641번지,0,0,0,0,0,0,0,0,1
강일지구 1단지아파트,서울특별시 강동구 강일동 블록,0,0,0,0,0,0,0,0,1
강일지구 4단지 아파트,서울특별시 강동구 강일동 블록,1,1,1,1,0,1,1,0,1
강일지구 5단지 아파트,서울특별시 강동구 강일동 블록,1,1,1,1,0,1,1,0,1
강일지구 9단지아파트,서울특별시 강동구 강일동 블록,1,0,1,1,0,1,1,0,1
개나리 래미안,서울특별시 강남구 역삼동 754번지,0,0,0,0,1,0,0,0,1
개나리SK뷰,서울특별시 강남구 역삼동 716-1번지,0,0,1,1,0,0,0,0,1
개봉동 403-84 도시형생활주택,서울특별시 구로구 개봉동 403-84번지,0,0,0,0,0,0,0,0,1
개봉동 역세권 청년주택,서울특별시 구로구 개봉동 403-29번지,1,1,0,0,0,0,1,0,1
개봉역 림괄지역주택조합 공동주택(가칭),서울특별시 구로구 개봉동 199-4번지,0,1,1,1,0,0,0,0,1
개봉제1주택재개발아파트,서울특별시 구로구 개봉동 138-2번지,0,0,1,1,0,0,0,0,1
개포 더샵 트리에,서울특별시 강남구 개포동 651-1번지,0,0,1,1,1,0,0,0,0
개포 럭키아파트,서울특별시 강남구 도곡동 462번지,1,0,1,1,0,0,1,1,1
개포자이 프레지던스,서울특별시 강남구 개포동 189번지,1,1,1,1,0,1,1,0,1
개포주공3단지주택재건축정비사업,서울특별시 강남구 개포동 138번지,0,0,1,0,0,0,0,0,0
거여12-1 행복주택,서울특별시 송파구 거여동 12-1번지,0,0,1,0,0,0,0,0,0
거여동 26-1번지 아파트,서울특별시 송파구 거여동 26-1번지,0,1,1,0,0,0,0,0,0
거여리본타운,서울특별시 송파구 거여동 12-1번지,0,0,1,0,0,0,0,0,0
건대입구역 역세권 청년주택,서울특별시 광진구 자양동 8-8번지,0,0,0,0,0,0,0,0,1
경남 아너스빌,서울특별시 은평구 구산동 224번지,0,0,0,0,1,0,0,0,0
경남아너스빌,서울특별시 구로구 구로동 122-1번지,0,0,1,1,0,0,0,0,0
경로당,서울특별시 강남구 개포동 12번지,0,0,0,1,0,0,0,0,0
경희궁 롯데캐슬,서울특별시 종로구 무악동 46번지,0,0,1,1,0,0,0,0,1
고덕 래미안힐스테이트,서울특별시 강동구 고덕동 670번지,0,1,1,1,0,0,0,0,1
고덕 롯데캐슬 베네루체,서울특별시 강동구 상일동 187번지,1,1,1,1,0,1,1,0,0
고덕 센트럴 푸르지오,서울특별시 강동구 고덕동 210-1번지,1,1,1,1,0,0,1,0,0
고덕리엔파크1단지,서울특별시 강동구 강일동 707번지,0,0,0,0,0,0,0,0,1
고덕센트럴 IPARK,서울특별시 강동구 상일동 131번지,1,1,1,1,0,0,1,0,0
고덕숲 IPRAK,서울특별시 강동구 상일동 164번지,1,1,1,1,0,0,1,0,0
고척3구역 주택재개발 아파트,서울특별시 구로구 고척동 155-2번지,0,1,1,1,0,0,0,0,1
고척동 산업인 아파트 주택 재건축 정비사업,서울특별시 구로구 고척동 57-9번지,0,1,1,1,0,0,0,0,1
고척동 삼익아파트,서울특별시 구로구 고척동 238-5번지,0,0,0,0,1,0,0,0,0
고척동 어르신안심주택,서울특별시 구로구 고척동 62-1번지,1,0,0,0,0,1,1,0,0
고척아이파크,서울특별시 구로구 고척동 351번지,1,1,1,1,0,0,1,1,1
골드타워,서울특별시 동작구 신대방동 351-5번지,0,0,0,0,0,0,0,0,1
공덕 SK 리더스뷰,서울특별시 마포구 공덕동 385-65번지,0,1,1,1,0,0,0,0,1
공덕1주택재건축,서울특별시 마포구 공덕동 105-84번지,1,1,1,1,0,1,1,0,0
공덕자이,서울특별시 마포구 아현동 380번지,0,0,1,1,0,0,0,0,1
공덕현대아파트 소규모재건축정비사업,서울특별시 마포구 공덕동 370-9번지,0,0,0,1,0,0,0,0,1
공동주택,서울특별시 성동구 금호동4가 235번지,0,0,1,0,0,0,0,0,0
공동주택 및 근린생활시설,서울특별시 동대문구 제기동 120-104번지,1,1,1,1,0,0,1,1,1
공동주택(아파트),서울특별시 서초구 잠원동 56-2번지,1,1,0,1,0,1,1,1,1
공릉1(태릉현대)주택재건축정비사업,서울특별시 노원구 공릉동 230번지,0,0,0,0,0,0,0,0,1
공릉동 대명아파트,서울특별시 노원구 공릉동 270-71번지,0,0,1,1,0,0,0,0,0
공릉삼익2차아파트,서울특별시 노원구 공릉동 754번지,0,0,0,0,1,0,0,0,0
공릉아파트,서울특별시 노원구 공릉동 708번지,0,0,0,0,0,0,0,0,1
공항동 원룸형도시형생활주택,서울특별시 강서구 공항동 53-9번지,0,0,0,0,0,0,0,0,1
관악 한일 유앤아이,서울특별시 관악구 봉천동 1727번지,0,0,1,0,0,0,0,0,0
관악드림타운,서울특별시 관악구 봉천동 산101번지,0,0,0,0,1,0,0,0,0
관악파크 푸르지오,서울특별시 관악구 봉천동 100-2번지,0,1,1,1,0,0,0,0,1
광성연립,서울특별시 영등포구 당산동4가 74번지,0,0,1,0,0,0,0,0,0
광성연립재건축아파트,서울특별시 강서구 방화동 553-3번지,0,0,0,0,0,0,0,0,1
광장자이아파트,서울특별시 광진구 광장동 581번지,0,0,1,1,0,0,0,0,1
광장힐스테이트,서울특별시 광진구 광장동 427번지,0,0,1,1,0,0,0,0,0
광진 파크 프라이빗,서울특별시 광진구 구의동 204-3번지,0,0,0,0,1,0,0,0,0
광진구 화양동 32-12 가로주택정비사업 아파트,서울특별시 광진구 화양동 32-12번지,0,0,0,0,0,0,0,0,1
광진스위트엠 아파트,서울특별시 광진구 화양동 499-18번지,0,0,0,0,0,0,0,0,1
광진하우스토리 한강,서울특별시 광진구 자양동 813번지,0,0,1,0,0,0,0,0,1
구로구 고척동 아파트,서울특별시 구로구 고척동 156-18번지,0,0,1,1,0,0,0,0,1
구로동440번지일대(보광아파트)재건축정비사업,서울특별시 구로구 구로동 440번지,0,1,1,1,1,1,0,0,1
구로지웰,서울특별시 구로구 구로동 329-27번지,0,0,1,1,0,0,0,0,0
구립 약수경로당 행복주택 복합시설,서울특별시 동작구 상도동 211-438번지,0,0,0,1,0,0,0,0,0
구의동 청년주택,서울특별시 광진구 구의동 246-10번지,1,1,0,0,0,0,1,1,1
군관사(공릉) 위탁개발사업 공공주택 건설사업,서울특별시 노원구 공릉동 240-1번지,1,1,1,1,0,1,1,0,1
군인아파트,서울특별시 송파구 장지동 블록,0,1,1,1,0,0,0,0,1
궁동 에스하임,서울특별시 구로구 궁동 192-7번지,0,1,1,0,0,1,0,0,1
그란츠 리버파크,서울특별시 강동구 성내동 15번지,0,1,1,1,0,0,0,0,0
그린나래,서울특별시 구로구 오류동 118-43번지,0,0,0,0,0,0,0,0,1
그린씨티아파트,서울특별시 강서구 내발산동 716-16번지,0,0,0,0,1,0,0,0,0
금강 아미움 아파트,서울특별시 동대문구 장안동 574번지,0,0,0,0,0,0,0,0,1
금강리버파크 도시형생활주택(단지형다세대주택),서울특별시 중랑구 묵동 242-51번지,0,0,0,0,0,0,0,0,1
금강아파트,서울특별시 구로구 오류동 343번지,0,0,0,0,0,0,0,0,1
금광포란재아파트,서울특별시 도봉구 방학동 714-1번지,0,0,0,0,1,0,0,0,0
금오상운 도시형생활주택(단지형연립주택),서울특별시 도봉구 도봉동 597-55번지,0,0,0,0,0,0,0,0,1
금천에듀포레 아파트(가칭),서울특별시 금천구 시흥동 1004번지,0,0,0,0,0,0,0,0,1
금하뜨라네아파트,서울특별시 양천구 신월동 142-14번지,0,0,1,1,0,0,0,0,0
금호자이 2차 아파트,서울특별시 성동구 금호동3가 632번지,0,0,1,1,0,1,0,0,1
금호제16구역 재개발 정비사업,서울특별시 성동구 금호동2가 501-31번지,0,1,1,1,0,0,0,0,1
금호제20구역 주택재개발 정비사업,서울특별시 성동구 금호동4가 56-1번지,1,0,1,1,0,0,1,0,1
길동아파트,서울특별시 강동구 길동 298-1번지,0,0,0,0,0,0,0,0,1
길동이화아파트,서울특별시 강동구 길동 348-4번지,0,0,0,0,0,0,0,0,1
길음 뉴타운 11단지 롯데캐슬 골든힐스,서울특별시 성북구 정릉동 192-71번지,1,1,1,1,0,1,1,0,1
길음4재정비촉진구역 주택재개발,서울특별시 성북구 정릉동 170-1번지,1,0,1,1,0,0,1,0,1
길음7구역 두산위브아파트,서울특별시 성북구 길음동 1285번지,0,1,1,1,0,1,0,0,1
길음동 성우스타팰리스,서울특별시 성북구 길음동 1175번지,0,0,0,0,0,0,0,0,1
길음시장 정비사업,서울특별시 성북구 길음동 535-8번지,1,1,1,1,0,0,1,0,1
길음역 금호어울림 센터힐,서울특별시 성북구 돈암동 13-7번지,0,1,1,1,0,0,0,0,1
길음역 롯데캐슬 트윈골드,서울특별시 성북구 길음동 542-1번지,1,1,1,1,0,0,1,0,0
길훈아파트,서울특별시 구로구 개봉동 312-38번지,0,0,1,1,0,1,0,0,1
까치산공원 주택재건축아파트,서울특별시 관악구 봉천동 100-2번지,0,1,1,1,0,0,0,0,1
까치산공원아파트,서울특별시 관악구 봉천동 100-2번지,0,0,0,0,1,0,0,0,0
꿈의 숲 해링턴 플레이스 아파트,서울특별시 강북구 미아동 3-19번지,1,0,1,1,0,0,1,0,1
꿈의숲 SK VIEW,서울특별시 노원구 월계동 531번지,1,1,1,1,0,0,1,1,1
꿈의숲 푸르지오,서울특별시 성북구 하월곡동 산2-11번지,1,1,1,1,0,0,1,0,1
꿈의숲대명루첸아파트,서울특별시 성북구 장위동 317번지,1,1,1,1,0,1,1,0,1
꿈의숲아이파크,서울특별시 성북구 장위동 323번지,1,1,1,1,1,0,1,0,0
나인원 한남,서울특별시 용산구 한남동 680-1번지,0,1,1,1,0,0,0,0,0
남구로역세권 공공임대주택,서울특별시 구로구 구로동 715-24번지,1,0,1,1,0,0,1,0,1
남산 롯데캐슬,서울특별시 중구 회현동1가 37-6번지,0,0,0,1,0,0,0,0,1
남서울힐스테이트,서울특별시 금천구 시흥동 789번지,0,1,1,1,0,1,0,0,1
남성아파트 주택재건축정비사업,서울특별시 영등포구 문래동2가 35번지,1,1,1,1,0,0,1,0,1
노들역세권 공공임대주택 건립사업,서울특별시 동작구 본동 402-1번지,0,1,1,1,0,0,0,0,0
노량진 56-1번지 역세권 청년주택,서울특별시 동작구 노량진동 56-1번지,1,1,1,0,0,0,1,1,1
노량진 본동 주거복합,서울특별시 동작구 본동 441번지,0,1,1,1,0,0,0,0,1
노량진 쌍용 예가,서울특별시 동작구 노량진동 122-37번지,0,0,1,1,0,0,0,0,1
노량진1재정비촉진구역주택재개발정비사업,서울특별시 동작구 노량진동 278-2번지,0,1,1,0,0,0,0,0,1
노량진2재정비촉진주상복합,서울특별시 동작구 노량진동 312-75번지,1,1,1,1,0,1,1,0,1
노량진4재정비촉진구역 주택재개발정비사업,서울특별시 동작구 노량진동 227-5번지,0,1,1,1,0,0,0,0,1
노량진5구역 주택재개발정비사업 신축공사,서울특별시 동작구 노량진동 270-3번지,0,0,1,1,0,0,0,0,1
노량진6재정비촉진구역 주택재개발아파트,서울특별시 동작구 노량진동 294-220번지,1,0,1,1,0,0,1,0,1
노량진8재정비촉진구역주택재개발정비사업,서울특별시 동작구 대방동 23-61번지,1,1,1,1,0,0,1,0,1
노량진동 117-2번지 일원 청년안심주택,서울특별시 동작구 노량진동 117-2번지,0,0,0,0,0,0,0,0,1
노량진동 117-2일원 역세권 청년주택,서울특별시 동작구 노량진동 117-2번지,0,0,0,0,0,0,0,0,1
노블에비뉴,서울특별시 마포구 성산동 262-1번지,0,0,0,0,0,0,0,0,1
노원 에너지제로 주택,서울특별시 노원구 하계동 251-9번지,0,0,0,1,1,1,0,0,0
노원구 상계동 역세권 청년주택,서울특별시 노원구 상계동 1049-71번지,0,1,0,0,0,1,0,1,1
녹번역 e편한세상 캐슬,서울특별시 은평구 응암동 36번지,1,1,1,1,0,0,1,0,1
녹번역센트레빌,서울특별시 은평구 응암동 171-1번지,1,1,1,1,1,1,1,0,0
녹천역 두산위브,서울특별시 노원구 월계동 950번지,0,0,1,0,0,0,0,0,0
논현 아이파크,서울특별시 강남구 논현동 225-6번지,0,0,0,0,0,0,0,0,1
논현동 114 주상복합,서울특별시 강남구 논현동 114번지,0,0,0,0,0,0,0,0,1
다다름하우스2,서울특별시 은평구 구산동 202-18번지,0,0,0,0,0,0,0,0,1
다숲,서울특별시 관악구 신림동 1740번지,0,0,0,0,1,0,0,0,0
다울숲,서울특별시 구로구 구로동 1286번지,0,0,1,0,0,0,0,0,0
다원리치타운,서울특별시 구로구 오류동 358번지,0,0,0,0,0,0,0,0,1
답십리제14구역 주택재개발정비사업,서울특별시 동대문구 답십리동 25번지,1,1,1,1,0,1,1,0,1
당산계룡리슈빌1단지,서울특별시 영등포구 당산동3가 564번지,0,0,0,0,0,0,0,0,1
당산계룡리슈빌3단지,서울특별시 영등포구 당산동3가 565번지,1,1,1,0,0,1,1,0,0
당산동 삼익플라주아파트,서울특별시 영등포구 당산동4가 74번지,0,0,1,0,0,0,0,0,0
당산동2가 청년주택,서울특별시 영등포구 당산동2가 45-5번지,0,0,1,0,0,0,0,0,0
당산센트럴아이파크,서울특별시 영등포구 당산동5가 43번지,0,0,0,0,0,1,0,0,1
대농연립주택재건축아파트,서울특별시 중랑구 중화동 208-21번지,0,0,1,1,0,0,0,0,1
대림갑을아파트,서울특별시 영등포구 대림동 1119번지,0,0,0,0,1,0,0,0,0
대림동 청년주택,서울특별시 영등포구 대림동 986-4번지,0,0,0,0,0,0,0,0,1
대명루첸아파트,서울특별시 성동구 성수동2가 840번지,0,0,1,1,0,0,0,0,1
대명벨리온,서울특별시 강남구 역삼동 727-2번지,0,0,0,0,0,0,0,0,1
대명삼보연립재건축 아파트,서울특별시 중랑구 중화동 1-1번지,1,0,1,1,1,1,1,0,0
대방(군관사) 위탁개발사업 설계용역,서울특별시 영등포구 신길동 1280번지,0,0,1,1,1,1,0,1,1
대방동 한숲타운 대림 아파트,서울특별시 동작구 대방동 348-1번지,0,0,0,0,1,0,0,0,0
대방아데나339,서울특별시 동작구 대방동 515번지,0,0,0,0,0,0,0,0,1
대신빌라,서울특별시 도봉구 창동 466번지,0,0,0,0,0,0,0,0,1
대영아파트,서울특별시 광진구 자양동 224-15번지,0,0,1,0,0,0,0,0,0
대정이오스,서울특별시 서대문구 연희동 719-5번지,0,0,0,0,0,0,0,0,1
대조제1구역,서울특별시 은평구 대조동 88번지,0,0,1,1,1,0,0,0,1
대치 SK VIEW,서울특별시 강남구 대치동 612번지,0,0,0,1,0,0,0,0,0
대치 더 클래스,서울특별시 강남구 대치동 1019-3번지,1,0,0,0,1,0,1,0,0
대치 르엘,서울특별시 강남구 대치동 977번지,1,0,1,1,0,0,1,0,1
대치동 구마을3지구 주택재개발정비사업,서울특별시 강남구 대치동 964번지,1,1,1,1,0,1,1,1,1
대치동4차 풍림 아이원 아파트,서울특별시 강남구 대치동 1007-2번지,0,0,0,0,1,0,0,0,0
대치쌍용1차,서울특별시 강남구 대치동 66번지,1,1,1,1,0,0,1,0,0
대치쌍용2차 아파트,서울특별시 강남구 대치동 65번지,1,1,1,1,0,0,1,0,1
대치푸르지오써밋,서울특별시 강남구 대치동 963번지,1,1,1,1,0,0,1,0,1
대치한신휴플러스,서울특별시 강남구 대치동 907-2번지,0,0,0,0,1,0,0,0,0
더 트루엘 마곡 HQ,서울특별시 강서구 공항동 11-10번지,0,0,0,0,0,0,0,0,1
더블유타워,서울특별시 강남구 대치동 952-2번지,0,0,0,0,0,0,0,0,1
더샵 강동센트럴시티,서울특별시 강동구 천호동 410-100번지,1,1,1,1,0,0,1,0,0
더샵 둔촌포레,서울특별시 강동구 둔촌동 30-4번지,1,1,1,1,1,0,1,0,0
더샵 파크솔레이유 아파트,서울특별시 강동구 둔촌동 85-2번지,1,0,0,1,0,0,1,0,1
더샵 파크프레스티지,서울특별시 영등포구 신길동 145-40번지,0,1,1,1,0,0,0,0,1
더스타일하우스디센트럴,서울특별시 서대문구 충정로3가 72-1번지,0,0,1,1,0,0,0,0,1
더포디엄830,서울특별시 광진구 자양동 8-8번지,0,0,0,0,0,0,0,0,1
더플레이스충정로,서울특별시 중구 중림동 152-1번지,0,0,0,0,0,0,0,0,1
더헤리츠,서울특별시 구로구 고척동 97번지,0,1,1,0,0,1,0,0,0
덕화주택,서울특별시 양천구 신월동 118-14번지,0,1,0,1,0,0,0,0,1
도곡 월드메르디앙 아파트,서울특별시 강남구 도곡동 893-1번지,0,0,0,0,0,0,0,0,1
도곡 한라비발디,서울특별시 강남구 도곡동 893-2번지,0,0,1,1,0,0,0,0,1
도곡동547-1일원 가로주택정비사업,서울특별시 강남구 도곡동 547-1번지,1,0,0,0,0,0,1,1,0
도림16구역 주택재개발정비사업 신축공사,서울특별시 영등포구 도림동 162-94번지,1,0,1,1,0,0,1,0,1
도봉 아테라,서울특별시 도봉구 도봉동 95-3번지,1,0,1,1,0,0,1,0,1
"도봉동 561-6,13 도시형생활주택 신축공사",서울특별시 도봉구 도봉동 561-6번지,0,0,0,0,0,0,0,0,1
도봉숲 아뜨리움,서울특별시 도봉구 도봉동 593-37번지,0,0,0,1,0,1,0,0,1
도선동 2030청년주택,서울특별시 성동구 도선동 286번지,1,0,1,0,1,0,1,0,1
도선동 역세권 청년주택,서울특별시 성동구 도선동 286번지,1,0,1,0,1,0,1,0,1
도시형생활주택,서울특별시 송파구 가락동 146-6번지,0,0,0,0,0,0,0,0,1
독산 오르페움타워,서울특별시 금천구 독산동 989번지,0,0,0,1,0,0,0,0,1
독산동 302-24 도시형생활주택(원룸형),서울특별시 금천구 독산동 302-24번지,0,0,0,0,1,0,0,0,0
독산동 삼승아파트 재건축,서울특별시 금천구 독산동 966-1번지,0,0,1,1,0,0,0,0,0
독산동 지역주택조합 공동주택신축공사,서울특별시 금천구 독산동 954번지,0,0,0,0,0,0,0,0,1
독산우리텔,서울특별시 금천구 독산동 336-9번지,0,0,0,0,1,0,0,0,0
돈암동 해피트리 아파트,서울특별시 성북구 돈암동 642번지,0,0,1,1,0,0,0,0,1
돈암제6구역재개발 정비사업,서울특별시 성북구 돈암동 48-29번지,0,0,1,0,0,0,0,0,1
동구씨엠아파트,서울특별시 강서구 등촌동 511-4번지,0,0,0,0,1,0,0,0,0
동구햇살아파트,서울특별시 중랑구 중화동 304-32번지,0,0,0,0,1,0,0,0,0
동대문 더퍼스트 데시앙,서울특별시 동대문구 장안동 291-1번지,0,1,1,1,0,1,0,0,1
동도센트리움아파트,서울특별시 도봉구 창동 827번지,0,0,1,0,0,0,0,0,0
동숭아트리움93_성균관,서울특별시 종로구 명륜2가 93번지,0,0,0,0,0,0,0,0,1
동신아파트 소규모재건축,서울특별시 성북구 하월곡동 70-4번지,1,0,1,0,0,0,1,0,0
동아아파트,서울특별시 성동구 성수동1가 656-320번지,0,0,0,1,0,0,0,0,0
동아에코빌아파트,서울특별시 도봉구 도봉동 654번지,0,0,0,0,1,0,0,0,0
동원데쟈뷰,서울특별시 중랑구 상봉동 333-3번지,0,0,0,1,1,0,0,0,0
동작 하이팰리스,서울특별시 동작구 상도동 23-42번지,0,0,0,0,0,0,0,0,1
동작구 어르신 자립형 공공임대주택 및 구립 은하어린이집,서울특별시 동작구 대방동 407-40번지,0,0,0,0,0,0,0,0,1
두암빌라 소규모재건축정비사업,서울특별시 구로구 온수동 7-5번지,1,0,1,1,0,0,1,0,1
둔촌역 아치스톤,서울특별시 강동구 성내동 412번지,0,0,1,0,0,0,0,0,0
등촌 센트럴 르씨엘,서울특별시 강서구 등촌동 852번지,0,0,0,0,1,0,0,0,0
"등촌 지와인 아파트, 비지니스센터",서울특별시 강서구 등촌동 633-12번지,0,0,0,0,0,0,0,0,1
등촌1구역 재건축,서울특별시 강서구 등촌동 366-24번지,0,0,1,1,0,0,0,0,0
등촌동 장기전세주택,서울특별시 강서구 등촌동 661-6번지,1,0,1,0,0,0,1,0,1
등촌동리본타워,서울특별시 강서구 등촌동 661-6번지,1,0,1,0,0,0,1,0,1
등촌역 역세권 청년주택,서울특별시 강서구 등촌동 533-2번지,0,0,1,0,0,0,0,0,0
등촌제이스카이,서울특별시 강서구 염창동 311번지,0,0,1,0,1,0,0,0,1
디에이치 반포 라클라스,서울특별시 서초구 반포동 32-8번지,1,1,1,1,0,1,1,0,1
디에이치 자이 개포,서울특별시 강남구 일원동 611-1번지,0,1,1,1,0,0,0,0,1
디에이치아너힐즈,서울특별시 강남구 개포동 138번지,0,0,1,0,0,0,0,0,0
디큐브시티,서울특별시 구로구 신도림동 692번지,1,0,1,1,1,1,1,0,1
라봄 성동,서울특별시 성동구 마장동 339-2번지,0,0,0,0,0,0,0,0,1
라온프라이빗,서울특별시 중랑구 면목동 1544번지,0,1,1,1,0,0,0,0,1
라이품,서울특별시 강서구 가양동 1457-1번지,0,0,0,0,0,0,0,0,1
라이프타운,서울특별시 구로구 궁동 134-2번지,0,0,0,0,0,0,0,0,1
래미안 개포 루체하임,서울특별시 강남구 일원동 689-1번지,0,0,1,1,0,0,0,0,0
래미안 대치 팰리스,서울특별시 강남구 대치동 633번지,1,1,1,1,0,1,1,0,1
래미안 라그란데,서울특별시 동대문구 이문동 257-42번지,0,1,1,1,0,0,0,0,1
래미안 로이파크,서울특별시 동작구 사당동 167-19번지,1,1,1,1,1,0,1,1,1
래미안 루센티아,서울특별시 서대문구 남가좌동 175번지,1,1,1,1,0,1,1,1,1
래미안 마포 리버웰,서울특별시 마포구 용강동 285번지,1,1,1,1,0,1,1,0,1
래미안 목동아델리체,서울특별시 양천구 신정동 1175-28번지,1,1,1,1,0,0,1,0,1
래미안 미드카운티,서울특별시 동대문구 답십리동 98번지,1,1,1,1,0,1,1,0,1
래미안 베라힐즈,서울특별시 은평구 녹번동 19번지,1,0,1,1,0,0,1,0,1
래미안 서초 에스티지S,서울특별시 서초구 서초동 1331번지,0,1,1,1,0,0,0,0,1
래미안 서초스위트,서울특별시 서초구 서초동 1301-6번지,0,1,1,1,1,0,0,0,0
래미안 송파 파인탑,서울특별시 송파구 송파동 167번지,1,0,1,1,0,0,1,0,1
래미안 신반포 팰리스,서울특별시 서초구 잠원동 57번지,1,0,1,1,0,1,1,0,0
래미안 아름숲,서울특별시 동대문구 전농동 688번지,0,0,1,1,0,1,0,0,1
래미안 아트리치,서울특별시 성북구 석관동 58-56번지,0,1,1,1,0,0,0,0,1
래미안 에스티지,서울특별시 서초구 서초동 1332-1번지,1,1,1,1,1,0,1,0,1
래미안 엘리니티,서울특별시 동대문구 용두동 753-9번지,1,1,1,1,0,1,1,0,1
래미안 옥수 리버젠,서울특별시 성동구 옥수동 500번지,1,1,1,1,0,1,1,0,1
래미안 원베일리,서울특별시 서초구 반포동 1-1번지,1,1,1,0,0,1,1,0,1
래미안 원펜타스,서울특별시 서초구 반포동 12번지,1,1,1,1,0,0,1,0,1
래미안 장위 퍼스트하이,서울특별시 성북구 장위동 173-114번지,1,1,1,1,1,1,1,0,1
래미안 크레시티,서울특별시 동대문구 전농동 440-9번지,1,1,1,1,0,0,1,0,1
래미안 트리베라 1차,서울특별시 강북구 미아동 1268-1번지,1,1,1,1,0,0,1,0,1
래미안 트리베라 2차,서울특별시 강북구 미아동 1265-42번지,1,1,1,1,1,0,1,0,1
래미안 트윈파크(본동5 재개발아파트),서울특별시 동작구 본동 250번지,1,1,1,1,0,1,1,0,1
래미안강동팰리스,서울특별시 강동구 천호동 571번지,0,1,1,1,0,0,0,0,1
래미안월곡아파트,서울특별시 성북구 하월곡동 225번지,0,0,0,0,1,0,0,0,0
래미안위브,서울특별시 동대문구 답십리동 178번지,0,1,1,1,0,0,0,0,1
래미안종암2차,서울특별시 성북구 종암동 78번지,1,1,1,1,0,0,1,0,1
래미안트리베라아파트,서울특별시 강북구 미아동 812번지,0,0,0,0,0,0,0,0,1
래미인 그레이튼,서울특별시 강남구 역삼동 762번지,1,1,1,1,0,0,1,0,1
레미안 옥수리버젠,서울특별시 성동구 옥수동 562번지,0,0,0,0,0,0,0,0,1
렉스아파트,서울특별시 용산구 이촌동 300-3번지,1,0,1,1,0,0,1,0,0
롯데 캐슬 갤럭시 아파트,서울특별시 서초구 잠원동 50-1번지,0,0,0,0,1,0,0,0,0
롯데캐슬,서울특별시 양천구 신월동 432-6번지,0,0,1,1,0,0,0,0,1
롯데캐슬 리버파크 시그니처,서울특별시 광진구 자양동 236-9번지,1,1,1,1,0,0,1,0,1
롯데캐슬 아르떼,서울특별시 서초구 방배동 427-1번지,1,1,1,1,0,1,1,0,1
롯데캐슬 클라시아,서울특별시 성북구 길음동 508-16번지,1,1,1,1,0,0,1,0,1
루미아,서울특별시 성북구 하월곡동 88-513번지,0,1,0,0,0,0,0,1,1
리마크빌 구의,서울특별시 광진구 구의동 246-10번지,1,1,0,0,0,0,1,1,1
리버뷰 신안인스빌,서울특별시 영등포구 문래동4가 68번지,0,0,1,0,0,0,0,0,0
리치안 풍산아파트,서울특별시 구로구 온수동 154번지,0,0,1,0,0,0,0,0,0
림괄아파트,서울특별시 구로구 개봉동 199-4번지,0,0,1,1,0,0,0,0,1
마곡 13단지 힐스테이트 마스터,서울특별시 강서구 마곡동 748번지,1,1,1,1,1,1,1,0,0
마곡 노블리안 아파트,서울특별시 강서구 방화동 184-17번지,0,0,0,0,1,0,0,0,0
마곡 엠밸리 9단지,서울특별시 강서구 마곡동 744번지,0,0,1,1,0,0,0,0,1
마곡 우촌아파트,서울특별시 강서구 방화동 597번지,0,0,0,0,0,1,0,0,0
마곡 힐스테이트,서울특별시 강서구 공항동 4-8번지,1,1,1,1,0,0,1,0,0
마곡센트레빌,서울특별시 강서구 방화동 278-7번지,0,0,1,1,0,0,0,0,1
마곡엠밸리11단지,서울특별시 강서구 마곡동 746번지,0,1,1,1,0,0,0,0,1
마곡엠밸리12단지,서울특별시 강서구 마곡동 746-1번지,0,1,1,1,0,0,0,0,1
마곡엠밸리14단지,서울특별시 강서구 마곡동 블록,1,1,1,1,0,0,1,0,1
마곡엠밸리15단지,서울특별시 강서구 마곡동 블록,1,1,1,1,0,0,1,0,1
마곡엠밸리1단지,서울특별시 강서구 마곡동 블록,0,1,1,1,0,0,0,0,1
마곡엠밸리2단지,서울특별시 강서구 마곡동 블록,0,1,1,1,0,0,0,0,1
마곡엠밸리3단지,서울특별시 강서구 마곡동 블록,0,1,1,1,0,0,0,0,1
마곡엠밸리4단지,서울특별시 강서구 마곡동 블록,0,1,1,1,0,0,0,0,1
마곡엠밸리5단지,서울특별시 강서구 마곡동 블록,0,1,1,1,0,0,0,0,1
마곡엠밸리6단지,서울특별시 강서구 마곡동 블록,1,0,1,1,0,0,1,0,1
마곡엠밸리7단지,서울특별시 강서구 마곡동 블록,1,0,1,1,0,0,1,0,1
마곡엠밸리8단지,서울특별시 강서구 마곡동 741번지,1,0,1,1,0,0,1,0,1
마곡지구 16단지 아파트,서울특별시 강서구 마곡동 블록,1,1,1,1,0,0,1,0,0
마곡지구 9단지 SH 아파트,서울특별시 강서구 마곡동 블록,0,0,1,1,0,0,0,0,1
마곡지구 SH아파트 7단지,서울특별시 강서구 마곡동 블록,1,0,1,1,0,0,1,0,1
마루하우스,서울특별시 동대문구 장안동 94-27번지,0,0,0,0,0,0,0,0,1
마이플레이스,서울특별시 강남구 역삼동 792-7번지,0,0,0,0,0,0,0,0,1
마장동 역세권 청년주택 개발사업,서울특별시 성동구 마장동 339-2번지,0,0,0,0,0,0,0,0,1
마천지구 3단지,서울특별시 송파구 마천동 블록,0,0,0,0,1,0,0,0,0
마포 하늘채 더리버,서울특별시 마포구 용강동 39-1번지,1,0,0,0,0,0,1,0,1
마포구 공덕6구역 주택재개발 아파트,서울특별시 마포구 공덕동 119번지,1,1,1,1,1,0,1,0,0
마포구 신공덕동 00도시형주택 신축공사,서울특별시 마포구 신공덕동 5-27번지,0,0,0,0,1,0,0,0,0
마포동원베네스트아파트,서울특별시 마포구 도화동 564번지,0,0,1,0,0,0,0,0,1
마포래미안푸르지오,서울특별시 마포구 아현동 635번지,1,1,1,1,0,0,1,0,1
"마포로 5구역 10,11지구 도시재개발정비사업",서울특별시 중구 중림동 186-1번지,1,1,1,1,1,0,1,0,0
마포로3-3 조합아파트,서울특별시 마포구 아현동 613-10번지,1,0,1,1,0,0,1,0,0
마포월드컵제이스카이아파트,서울특별시 마포구 망원동 523번지,0,0,0,0,0,0,0,0,1
마포프레스티지자이,서울특별시 마포구 염리동 507번지,1,1,1,1,0,0,1,0,1
만리동 예술인 협동조합형 공공주택,서울특별시 중구 만리동2가 218-105번지,0,0,0,0,0,0,0,0,1
만리동예술인협동조합주택,서울특별시 중구 만리동2가 218-105번지,0,0,0,0,0,0,0,0,1
망우동 세움2차 아파트 신축공사,서울특별시 중랑구 망우동 207-16번지,0,0,0,0,1,0,0,0,0
망우역 신원아침도시,서울특별시 중랑구 신내동 488번지,0,0,0,0,1,0,0,0,0
망원동 동원데쟈뷰아파트,서울특별시 마포구 망원동 466-2번지,0,0,1,1,0,0,0,0,1
메이플자이,서울특별시 서초구 잠원동 60-3번지,1,1,1,1,0,1,1,1,1
면목 루브루,서울특별시 중랑구 면목동 1542번지,0,0,0,0,0,0,0,0,1
면목동 준공공임대주택,서울특별시 중랑구 면목동 20-40번지,0,0,0,0,0,0,0,1,0
명륜1가 46-1,서울특별시 종로구 명륜1가 46-1번지,0,0,0,0,0,1,0,0,0
명일동 준공공임대주택,서울특별시 강동구 명일동 353-2번지,0,0,0,0,0,0,0,0,1
명지해드는터,서울특별시 양천구 신정동 1300번지,0,0,0,0,1,0,0,0,0
목동 중앙하이츠,서울특별시 양천구 신정동 282-71번지,0,1,1,1,0,0,0,0,0
목동센트럴 아이파크위브 1단지,서울특별시 양천구 신월동 1075번지,1,1,1,1,1,0,1,1,1
목동센트럴 아이파크위브 2단지,서울특별시 양천구 신월동 1076번지,1,1,1,1,1,0,1,1,1
목동센트럴 아이파크위브 3단지,서울특별시 양천구 신월동 1077번지,1,1,1,1,1,0,1,1,0
목동센트럴 아이파크위브 4단지,서울특별시 양천구 신월동 1078번지,1,1,1,1,1,0,1,1,1
목동파크자이,서울특별시 양천구 신정동 171-61번지,1,1,1,1,0,0,1,0,0
묵동 역세권 청년주택,서울특별시 중랑구 묵동 8번지,1,1,1,0,1,1,1,1,1
문래 롯데캐슬,서울특별시 영등포구 문래동6가 57번지,1,1,1,1,0,0,1,0,1
문래동모아미래도아파트,서울특별시 영등포구 문래동5가 67번지,0,0,1,1,0,0,0,0,1
문래진주아파트 주택재건축정비사업,서울특별시 영등포구 문래동5가 22번지,0,0,0,0,0,0,0,0,1
문정래미안아파트,서울특별시 송파구 문정동 1번지,0,0,0,0,1,0,0,0,0
문정역 마에스트로,서울특별시 송파구 문정동 55-6번지,0,0,0,0,0,0,0,0,1
문정역 역세권 청년주택,서울특별시 송파구 문정동 55-6번지,0,0,0,0,0,0,0,0,1
미래빌라 소규모재건축 정비사업,서울특별시 구로구 오류동 68-21번지,0,0,1,1,0,0,0,0,1
미랜드퀸아파트,서울특별시 송파구 풍납동 254번지,0,0,0,0,0,0,0,0,1
미성연립재건축아파트,서울특별시 성동구 용답동 59-2번지,0,0,1,0,0,0,0,0,0
미성주택 소규모재건축정비사업,서울특별시 성동구 마장동 767-56번지,0,0,0,0,0,0,0,0,1
미아10-1구역 재개발 아파트,서울특별시 강북구 미아동 476번지,0,0,0,1,0,0,0,0,0
미아9-2구역 주택재건축 정비사업,서울특별시 강북구 미아동 137-72번지,0,1,1,1,1,0,0,0,1
미아뉴타운 두산위브 트레지움,서울특별시 강북구 미아동 653번지,1,1,1,1,1,0,1,0,1
미아뉴타운제8구역재개발,서울특별시 강북구 미아동 653번지,0,0,1,1,1,0,0,0,0
미아뉴타운지구 제12구역 주택재개발,서울특별시 강북구 미아동 1265-42번지,1,1,1,1,1,0,1,0,1
미아동 703외 2필지 도시형생활주택(아파트형주택),서울특별시 강북구 미아동 703번지,0,0,1,0,0,0,0,0,0
미아동 760-38번지 일원  자율주택정비사업 아파트,서울특별시 강북구 미아동 760-38번지,0,0,0,0,0,0,0,0,1
미아재정비촉진4구역주택재건축정비사업,서울특별시 강북구 미아동 1261-376번지,0,0,1,1,0,0,0,0,0
미정,서울특별시 강남구 대치동 951-3번지,0,1,1,1,0,1,0,0,1
반도유보라,서울특별시 영등포구 당산동4가 1-3번지,0,0,1,1,0,0,0,0,0
반포 르엘,서울특별시 서초구 잠원동 74-1번지,1,1,1,1,0,0,1,0,0
반포 미주 재건축 아파트,서울특별시 서초구 반포동 16-1번지,0,0,1,1,0,0,0,0,1
반포 센트레빌 아스테리움,서울특별시 서초구 반포동 30-16번지,1,1,1,0,0,1,1,1,0
반포센트럴자이,서울특별시 서초구 잠원동 74-2번지,1,1,1,1,0,1,1,1,0
반포써밋,서울특별시 서초구 반포동 1342번지,1,1,1,1,0,0,1,0,1
반포아파트 (제3주구),서울특별시 서초구 반포동 1109번지,1,1,1,1,0,1,1,0,0
반포자이,서울특별시 서초구 반포동 20-43번지,1,0,1,1,1,0,1,0,0
발산역 역세권청년주택,서울특별시 강서구 내발산동 647-1번지,0,0,0,0,0,0,0,0,1
발쿠치네하우스,서울특별시 강서구 공항동 60-8번지,0,0,0,0,1,0,0,0,0
밤섬 리베뉴Ⅰ,서울특별시 마포구 상수동 402번지,0,1,1,1,0,0,0,0,1
밤섬 리베뉴Ⅱ,서울특별시 마포구 상수동 398번지,1,1,1,1,0,0,1,0,1
밤섬 예가 클래식,서울특별시 마포구 현석동 118번지,0,0,1,0,0,0,0,0,1
밤섬경남아너스빌,서울특별시 마포구 신수동 325번지,0,1,1,1,0,0,0,0,1
방배 e-편한세상,서울특별시 서초구 방배동 884-2번지,0,0,0,0,1,0,0,0,0
방배 서리풀 그랑블,서울특별시 서초구 방배동 3279번지,0,0,0,0,0,0,0,0,1
방배 신동아 럭스빌 아파트,서울특별시 서초구 방배동 1026-14번지,0,0,0,0,1,0,0,0,0
방배 어울림,서울특별시 서초구 방배동 998번지,0,0,1,0,0,0,0,0,0
방배 제14주택재건축정비사업조합,서울특별시 서초구 방배동 975-35번지,1,1,1,1,0,0,1,0,1
방배 청광아트빌 14차,서울특별시 서초구 방배동 482-4번지,0,0,0,0,1,0,0,0,0
방배2차e-편한세상,서울특별시 서초구 방배동 881-1번지,0,0,0,0,1,0,0,0,0
방배7구역 주택재건축정비사업,서울특별시 서초구 방배동 891-3번지,1,1,1,1,1,1,1,0,1
방배그랑자이,서울특별시 서초구 방배동 1028-1번지,0,0,1,1,0,0,0,0,1
방배동 롯데캐슬 로제,서울특별시 서초구 방배동 849-30번지,0,0,1,1,0,0,0,0,1
방배동 현대 에레츠아파트,서울특별시 서초구 방배동 88-2번지,0,0,1,1,0,0,0,0,1
방배삼익아파트 주택재건축 정비사업,서울특별시 서초구 방배동 1018-1번지,1,1,1,1,0,0,1,0,1
방배신동아아파트,서울특별시 서초구 방배동 988-1번지,1,1,1,1,1,1,1,1,0
방배중앙 센트레빌,서울특별시 서초구 방배동 777-12번지,0,0,0,0,0,0,0,0,1
방이동 56번지 공동주택,서울특별시 송파구 방이동 56번지,1,1,1,1,1,0,1,0,0
방이동 공동주택,서울특별시 송파구 방이동 178-21번지,0,0,0,0,0,0,0,0,1
방학동삼성래미안,서울특별시 도봉구 방학동 720-18번지,0,0,0,0,1,0,0,0,0
방화 스카이 포레,서울특별시 강서구 방화동 850번지,1,1,1,1,0,0,1,0,0
방화동 168-50(차고지부지) 공공주택 설계용역,서울특별시 강서구 마곡동 1410번지,0,0,0,0,1,0,0,0,0
방화동 공항시장 정비사업 복합시설 신축공사,서울특별시 강서구 방화동 620-100번지,1,0,1,1,0,0,1,0,0
방화동 동일스위트2차,서울특별시 강서구 방화동 895번지,0,0,1,0,0,0,0,0,0
방화동 행복주택 및 주민센터,서울특별시 강서구 방화동 850번지,1,1,1,1,0,0,1,0,1
백년빌,서울특별시 서초구 서초동 1431-2번지,0,0,0,0,0,0,0,0,1
백련산 SK VIEW IPARK,서울특별시 은평구 응암동 767번지,0,0,1,1,0,0,0,0,1
백련산 힐스테이트 3차,서울특별시 은평구 응암동 663번지,1,1,1,1,0,0,1,0,1
백련산파크자이,서울특별시 은평구 응암동 626-108번지,0,0,0,0,0,0,0,0,1
백련산해모로,서울특별시 은평구 응암동 768번지,1,1,1,1,0,0,1,0,1
백련산힐스테이트2차,서울특별시 은평구 응암동 611번지,1,0,1,1,0,1,1,0,0
번동주공5단지아파트,서울특별시 강북구 번동 229번지,1,0,0,0,0,0,1,0,0
번동주공영구임대아파트2단지,서울특별시 강북구 번동 241번지,0,0,0,0,0,0,0,0,1
베르디움 STAY1,서울특별시 은평구 대조동 241번지,1,1,1,1,1,0,1,0,0
벽산아파트,서울특별시 금천구 시흥동 92-2번지,0,0,0,0,1,0,0,0,0
보라매 e편한세상,서울특별시 동작구 신대방동 720번지,0,0,0,1,0,0,0,0,0
보라매 센트럴타운,서울특별시 동작구 대방동 385-16번지,0,0,0,0,0,0,0,0,1
보라매자이 더 포레스트,서울특별시 동작구 신대방동 724번지,0,0,1,1,0,0,0,0,1
보람 더하임,서울특별시 강서구 염창동 305번지,0,0,0,0,1,0,0,0,0
보람아파트,서울특별시 강서구 염창동 271-4번지,0,0,0,0,0,0,0,0,1
보문아이파크아파트,서울특별시 성북구 보문동3가 2번지,0,0,0,0,1,0,0,0,0
보문제5구역,서울특별시 성북구 보문동1가 196-11번지,1,0,1,1,1,0,1,1,1
봉천 제4-1-2구역 주택재개발 아파트,서울특별시 관악구 봉천동 산101번지,1,1,1,1,0,1,1,0,0
봉천1-1 주택재건축 정비사업 신축공사,서울특별시 관악구 봉천동 728-57번지,1,1,1,1,1,1,1,1,0
봉천동 LH매입형 임대주택,서울특별시 관악구 봉천동 948-18번지,0,0,0,0,0,0,0,1,1
봉천동649-189 가로주택정비사업,서울특별시 관악구 봉천동 649-189번지,0,0,0,0,0,0,0,0,1
봉천제14구역 재개발정비사업,서울특별시 관악구 봉천동 4-51번지,1,1,1,1,0,0,1,0,1
북아현1-1재정비촉진구역주택재개발아파트,서울특별시 서대문구 북아현동 1-954번지,0,1,1,1,1,0,0,0,0
북아현1-2구역주택재개발아파트,서울특별시 서대문구 북아현동 174번지,1,1,1,1,0,0,1,0,1
북아현2 재정비촉진구역 주태재개발정비사업 공동주택 신축공사,서울특별시 서대문구 북아현동 520번지,1,1,1,1,0,0,1,0,1
북한강 아파트,서울특별시 용산구 이촌동 422번지,0,0,0,0,1,0,0,0,0
북한산 두산위브 2차,서울특별시 서대문구 홍은동 13-25번지,0,0,1,1,0,0,0,0,1
북한산 래미안,서울특별시 은평구 불광동 1-200번지,1,0,1,1,0,1,1,0,1
북한산 코오롱 하늘채,서울특별시 도봉구 쌍문동 414번지,0,0,1,1,0,1,0,0,1
북한산 힐스테이트 7차,서울특별시 은평구 불광동 292번지,1,0,1,1,0,0,1,0,1
북한산힐스테이트1차아파트,서울특별시 은평구 불광동 635번지,0,0,0,0,1,0,0,0,0
"분양(101동~110동,201동):래미안 라센트",서울특별시 성북구 종암동 100-56번지,0,0,1,1,0,0,0,0,1
불광 롯데캐슬,서울특별시 은평구 불광동 550-1번지,0,1,1,1,0,1,0,0,1
불광제5 주택재개발 정비사업,서울특별시 은평구 불광동 238번지,0,0,0,1,1,0,0,0,0
브라운스톤 당산,서울특별시 영등포구 당산동4가 98번지,0,0,0,1,0,0,0,0,1
브라운스톤 상도,서울특별시 동작구 상도동 527번지,0,0,0,0,1,0,0,0,0
브라운스톤 태릉 아파트,서울특별시 중랑구 묵동 387번지,0,0,0,0,1,0,0,0,0
브라이튼 N40,서울특별시 강남구 논현동 40번지,0,0,0,0,0,0,0,0,1
브라이튼 여의도,서울특별시 영등포구 여의도동 31번지,1,1,1,1,0,0,1,0,0
비스타동원,서울특별시 영등포구 신길동 3608번지,1,0,1,0,0,0,1,0,0
사근동 도시형생활주택,서울특별시 성동구 사근동 289-2번지,0,0,0,0,1,0,0,0,0
사당 롯데캐슬 골든포레,서울특별시 동작구 사당동 181번지,1,1,1,1,0,0,1,0,1
사당 영아재건축아파트,서울특별시 동작구 사당동 1131번지,0,0,0,0,1,0,0,0,0
사당 유니드,서울특별시 동작구 사당동 산11-4번지,0,0,1,1,1,0,0,0,0
사당 휴브리지 빌딩,서울특별시 동작구 사당동 206-127번지,0,0,0,0,0,0,0,0,1
사당3동 155-4번지 일원 공동주택,서울특별시 동작구 사당동 155-4번지,1,0,1,1,0,1,1,0,1
사당5주택재건축,서울특별시 동작구 사당동 303번지,1,1,1,1,0,1,1,1,1
사당남성역 두산위브 트레지움,서울특별시 동작구 사당동 1131번지,1,1,1,1,1,0,1,0,0
사당동 206-1번지 일원 가로주택정비사업,서울특별시 동작구 사당동 206-1번지,1,0,1,1,0,0,1,0,1
사당동 인정아파트 소규모재건축정비사업,서울특별시 동작구 사당동 196번지,0,0,0,0,0,0,0,0,1
사당삼익그린뷰아파트,서울특별시 동작구 사당동 1150번지,0,0,0,0,1,0,0,0,0
사직동 311-10 공동주택,서울특별시 종로구 사직동 311-10번지,1,0,1,1,0,0,1,0,1
산호생모리츠빌라,서울특별시 도봉구 도봉동 593-37번지,0,0,0,0,1,0,0,0,0
산호아파트 주택재건축정비사업,서울특별시 용산구 원효로4가 118-16번지,0,1,1,1,0,0,0,0,1
삼선 SK VIEW,서울특별시 성북구 삼선동3가 29-1번지,1,1,1,1,1,0,1,0,1
삼선동2가77번지도시형생활주택,서울특별시 성북구 삼선동2가 77번지,0,1,0,0,0,1,0,0,0
삼선제5주택재개발 공동주택,서울특별시 성북구 삼선동1가 260-1번지,1,1,1,1,1,1,1,0,1
삼선현대힐스테이트,서울특별시 성북구 삼선동2가 420번지,0,0,1,0,0,0,0,0,0
"삼성동 71-8,9 주거복합",서울특별시 강남구 삼성동 71-8번지,0,0,0,0,0,0,0,0,1
삼성동센트럴아이파크,서울특별시 강남구 삼성동 188번지,0,1,0,1,0,0,0,0,1
삼성래미안아파트,서울특별시 구로구 구로동 256-1번지,0,0,0,0,1,0,0,0,0
삼성지구 도시형생활주택,서울특별시 강남구 삼성동 109-21번지,0,0,0,0,0,0,0,0,1
삼성홈스테이지역주택조합아파트,서울특별시 서초구 서초동 1478-13번지,0,0,0,0,0,0,0,0,1
삼익플라주아파트,서울특별시 영등포구 양평동3가 104번지,0,0,1,0,0,0,0,0,1
삼전동 쌍용하이츠빌라 가로주택정비사업,서울특별시 송파구 삼전동 53-8번지,0,0,0,0,0,0,0,0,1
삼진연립가로주택,서울특별시 양천구 신월동 487-9번지,0,0,0,0,0,0,0,0,1
삼진연립아파트,서울특별시 양천구 신월동 487-9번지,0,0,0,0,0,0,0,0,1
삼호가든 1.2차 아파트,서울특별시 서초구 반포동 30-2번지,0,0,1,1,1,0,0,0,1
삼환가락아파트 주택재건축정비사업,서울특별시 송파구 가락동 176번지,1,1,1,1,0,0,1,0,0
삼환로즈빌,서울특별시 구로구 고척동 92-6번지,0,0,0,0,1,0,0,0,0
삼흥연립주택재건축정비사업,서울특별시 강북구 수유동 486-2번지,1,0,1,1,0,0,1,0,1
상계동 690 안심주택,서울특별시 노원구 상계동 690번지,1,0,0,0,1,1,1,1,1
상계마들단지,서울특별시 노원구 상계동 771-3번지,1,0,1,1,0,0,1,0,1
상계장암지구 5단지,서울특별시 노원구 상계동 블록,0,0,0,0,0,0,0,0,1
상계주공5단지 재건축사업,서울특별시 노원구 상계동 721번지,1,1,1,1,1,1,1,1,1
상도 두산위브,서울특별시 동작구 상도동 27-3번지,0,0,1,1,0,0,0,0,0
상도 엠코타운 센트럴파크,서울특별시 동작구 상도동 531번지,1,0,1,1,0,0,1,0,1
상도 엠코타운 애스톤파크,서울특별시 동작구 상도동 산64-31번지,1,0,1,1,0,0,1,0,1
상도 효성해링턴플레이스,서울특별시 동작구 상도동 536번지,0,0,0,1,0,0,0,0,0
상도2차 두산위브트레지움 아파트,서울특별시 동작구 상도동 535번지,0,1,1,1,0,0,0,0,1
"상도동 211-467,435 행복주택",서울특별시 동작구 상도동 211-467번지,0,0,0,0,1,0,0,0,0
상도동 상도스타리움 지역주택조합 아파트,서울특별시 동작구 상도동 182-13번지,0,1,1,1,0,0,0,0,1
상도동 소규모 재건축 공동주택,서울특별시 동작구 상도동 211-447번지,0,0,0,0,0,0,0,0,1
상도역 롯데캐슬,서울특별시 동작구 상도동 904번지,0,1,1,1,0,0,0,0,1
상도파크자이,서울특별시 동작구 상도동 363-3번지,0,1,1,1,0,0,0,0,1
상도푸르지오클라베뉴,서울특별시 동작구 상도동 산65-74번지,0,1,1,1,0,0,0,0,1
상봉7구역 주상복합,서울특별시 중랑구 상봉동 88-91번지,0,0,1,1,0,0,0,0,0
상암월드컵파크10단지,서울특별시 마포구 상암동 1736번지,0,0,1,1,0,0,0,0,1
상암월드컵파크12단지,서울특별시 마포구 상암동 1743번지,0,0,1,1,0,0,0,0,1
상암월드컵파크9단지,서울특별시 마포구 상암동 1752번지,0,0,1,1,0,0,0,0,1
새로나음,서울특별시 강서구 방화동 451-10번지,0,0,0,0,0,1,0,0,0
새성북연립재건축아파트,서울특별시 노원구 월계동 382-15번지,0,0,1,0,0,0,0,0,1
새절역 두산위브 트레지움,서울특별시 은평구 신사동 170-12번지,0,0,0,1,0,0,0,0,0
생모리츠빌라,서울특별시 도봉구 도봉동 593-37번지,0,0,0,0,1,0,0,0,0
서대문 푸르지오 센트럴파크,서울특별시 서대문구 홍제동 57-5번지,1,1,1,1,0,1,1,0,1
서도휴빌,서울특별시 성북구 하월곡동 231번지,0,0,0,0,0,0,0,0,1
서울 광진구 자양동 690 공동주택,서울특별시 광진구 자양동 690번지,1,1,1,1,0,1,1,0,1
서울 방학역 도심 공공주택 복합지구 공동주택,서울특별시 도봉구 도봉동 622-6번지,0,1,0,0,0,0,0,0,1
서울 신길2 도심 공공주택 복합지구 공공주택,서울특별시 영등포구 신길동 205-136번지,1,1,1,1,0,0,1,0,1
서울 쌍문역 동측 도심 공공주택 복합사업,서울특별시 도봉구 창동 663-2번지,1,1,1,1,0,1,1,0,0
서울 쌍문역 서측 도심 공공주택 복합지구 공동주택,서울특별시 도봉구 쌍문동 138-1번지,0,1,1,1,0,1,0,0,1
서울 연신내역 도심공공주택 복합사업,서울특별시 은평구 불광동 319-1번지,0,1,0,0,0,0,0,0,1
서울 용마터널 인근 도심 공공주택 복합지구 내 공동주택,서울특별시 중랑구 면목동 블록,1,1,1,1,0,1,1,0,0
서울 중계3 LH아파트,서울특별시 노원구 중계동 358번지,1,0,1,1,0,0,1,0,1
서울 중계9 LH아파트,서울특별시 노원구 하계동 256번지,1,0,1,1,0,0,1,0,1
서울 증산4구역 1-2BL 도심 공공주택,서울특별시 은평구 증산동 205-33번지,0,0,1,1,0,0,0,0,0
서울 증산4구역 도심공공주택 복합사업,서울특별시 은평구 증산동 205-33번지,1,1,1,1,0,0,1,0,0
서울강남A4BL아파트 건설공사6공구,서울특별시 강남구 자곡동 블록,1,1,1,1,1,1,1,0,1
서울대벤처타운역 푸르지오,서울특별시 관악구 신림동 316-55번지,1,1,1,1,0,1,1,0,1
서울대입구역 더하이브 센트럴,서울특별시 관악구 봉천동 37-83번지,0,0,1,0,0,0,0,0,0
서울동작 행복주택,서울특별시 동작구 동작동 326번지,1,1,0,0,0,1,1,1,1
서울숲 더샵,서울특별시 성동구 행당동 155-1번지,0,1,1,1,0,0,0,0,1
서울숲 르씨엘,서울특별시 성동구 금호동4가 1555번지,0,0,1,0,0,0,0,0,1
서울숲2차푸르지오,서울특별시 성동구 금호동4가 235번지,0,1,1,1,0,0,0,0,1
서울숲아이파크,서울특별시 성동구 송정동 104번지,0,0,1,1,0,0,0,0,0
서울숲푸르지오아파트,서울특별시 성동구 금호동4가 340번지,0,0,1,1,0,0,0,0,1
서울숲힐스테이트,서울특별시 성동구 성수동2가 843번지,0,0,0,1,0,0,0,0,1
서울시 노동자복지관 복합화사업,서울특별시 구로구 구로동 98-5번지,1,0,0,0,0,0,1,0,1
"서울시 양천구 신월동 25,25-1 도시형생활주택 신축공사",서울특별시 양천구 신월동 25번지,0,1,1,0,0,0,0,0,1
서울시 은평구 대조동 2-9번지 일원 역세권 청년주택 신축공사,서울특별시 은평구 대조동 2-9번지,1,1,1,0,1,0,1,0,0
서울역 한라비발디 센트럴,서울특별시 중구 만리동2가 10번지,0,0,1,1,0,0,0,0,1
서울역센트럴자이,서울특별시 중구 만리동2가 176-1번지,0,0,1,1,0,0,0,0,1
서울특별시 강동구 길동 SH 매입임대주택,서울특별시 강동구 길동 228-1번지,0,0,0,0,0,0,0,0,1
서울특별시 중랑구 면목동 194번지 일대 가로주택정비사업,서울특별시 중랑구 면목동 194-33번지,1,0,0,1,0,1,1,1,0
서초 무지개아파트,서울특별시 서초구 서초동 1335번지,1,1,1,1,0,0,1,0,1
서초 삼호1차 재건축아파트,서울특별시 서초구 서초동 1310번지,1,0,1,1,0,0,1,0,1
서초 엠코타운 젠트리스,서울특별시 서초구 신원동 블록,0,0,1,1,0,0,0,0,1
서초 중앙하이츠 1구역,서울특별시 서초구 방배동 1000-4번지,0,0,0,0,1,0,0,0,0
서초 중앙하이츠 2구역,서울특별시 서초구 방배동 1000-3번지,0,0,0,0,1,0,0,0,0
서초 푸르지오 써밋,서울특별시 서초구 서초동 1310번지,1,1,1,1,0,0,1,0,1
서초구 서초동 1622번지 일대 가로주택정비사업,서울특별시 서초구 서초동 1622-4번지,0,0,0,0,0,0,0,0,1
서초구 양재동 1-26번지 역세권 청년주택,서울특별시 서초구 양재동 1-26번지,0,0,0,0,0,0,0,0,1
서초그랑자이,서울특별시 서초구 서초동 1335번지,1,1,1,1,0,0,1,0,0
서초네이처힐 4단지,서울특별시 서초구 우면동 720번지,0,1,1,1,0,0,0,0,1
서초네이처힐1단지,서울특별시 서초구 우면동 707번지,0,0,1,1,0,0,0,0,1
서초네이처힐2단지,서울특별시 서초구 우면동 712번지,0,1,1,1,0,0,0,0,1
서초네이처힐6단지,서울특별시 서초구 우면동 737번지,0,1,1,1,0,0,0,0,1
서초네이처힐7단지,서울특별시 서초구 우면동 735번지,0,0,1,1,0,0,0,0,1
서초동 1622번지일대 가로주택정비사업,서울특별시 서초구 서초동 1622-4번지,1,0,0,0,0,0,1,0,0
서초두산위브트레지움,서울특별시 서초구 서초동 1310-3번지,0,0,1,1,0,0,0,0,1
서초선포레,서울특별시 서초구 내곡동 블록,0,0,0,0,0,0,0,0,1
서초센트럴IPARK,서울특별시 서초구 서초동 1582-3번지,0,0,1,1,0,0,0,0,1
서초신동아아파트 주택재건축 정비사업,서울특별시 서초구 서초동 1333번지,1,1,1,1,1,1,1,1,1
서초아트자이,서울특별시 서초구 서초동 1583-10번지,0,0,1,1,0,0,0,0,1
서초포레스타3단지,서울특별시 서초구 신원동 블록,0,1,1,1,0,0,0,0,1
서초포레스타5단지,서울특별시 서초구 신원동 블록,1,1,1,1,0,0,1,0,1
서초포레스타6단지,서울특별시 서초구 신원동 블록,1,1,1,1,0,0,1,0,1
서초포레스타7단지,서울특별시 서초구 신원동 블록,1,1,1,1,0,0,1,0,1
서해그랑블,서울특별시 구로구 오류동 351번지,1,0,1,0,0,0,1,0,0
석관1주택재건축,서울특별시 성북구 석관동 341-16번지,1,1,1,1,0,0,1,0,1
성내동 미주아파트 주택재건축 정비사업,서울특별시 강동구 성내동 547-1번지,0,0,1,1,1,0,0,0,1
성도연립,서울특별시 송파구 풍납동 406번지,0,0,0,0,1,0,0,0,0
성뒤마을 공공주택,서울특별시 서초구 방배동 565-2번지,1,1,1,1,1,1,1,0,1
성북 제2구역 주택재개발 정비사업,서울특별시 성북구 성북동 224-1번지,0,0,1,1,0,1,0,0,1
성북3구역 주택재개발 아파트,서울특별시 성북구 성북동 3-38번지,0,0,0,1,0,0,0,0,0
성북구 하월곡동 역세권 청년주택 신축공사,서울특별시 성북구 하월곡동 88-513번지,0,1,0,0,0,0,0,1,1
성북동 186 주상복합,서울특별시 성북구 성북동 186번지,0,0,0,0,0,0,0,0,1
성북동외교관사택단지,서울특별시 성북구 성북동 산25-99번지,0,0,1,0,0,0,0,0,1
성산(임대)아파트,서울특별시 마포구 성산동 595번지,0,0,1,0,0,0,0,0,0
성수동 장미아파트 주택재건축 정비사업,서울특별시 성동구 성수동1가 656-421번지,0,1,1,1,0,1,0,0,1
성우스타팰리스,서울특별시 동대문구 장안동 585번지,0,1,0,0,0,0,0,0,1
세곡2 소규모 임대주택,서울특별시 강남구 율현동 167번지,0,0,0,0,0,0,0,0,1
세곡리엔파크3단지,서울특별시 강남구 세곡동 516번지,1,0,0,0,0,0,1,0,0
세곡리엔파크5단지,서울특별시 강남구 세곡동 블록,0,1,1,1,0,0,0,0,1
세운 푸르지오 헤리시티,서울특별시 중구 인현동2가 151-1번지,1,1,1,1,1,0,1,1,1
세운6-3-3 공동주택,서울특별시 중구 을지로4가 310-2번지,1,1,1,1,1,1,1,0,1
세운재정비촉진지구 3-8,서울특별시 중구 을지로3가 227번지,0,0,0,0,0,0,0,0,1
세운재정비촉진지구 3-9구역 도시환경정비사업,서울특별시 중구 을지로3가 240-1번지,0,0,1,1,0,0,0,0,1
세이지움 개봉,서울특별시 구로구 개봉동 403-29번지,1,1,0,0,0,0,1,0,1
센타스퀘어 발산,서울특별시 강서구 내발산동 647-1번지,0,0,0,0,0,0,0,0,1
센터스퀘어,서울특별시 강서구 염창동 274-17번지,1,1,1,0,0,1,1,0,0
센트레빌 레우스 1단지,서울특별시 구로구 개봉동 497번지,1,1,1,1,0,0,1,0,0
센트레빌 아스테리움 시그니처,서울특별시 은평구 역촌동 189-1번지,1,0,1,1,0,0,1,0,0
송정역세권 장기전세주택,서울특별시 강서구 공항동 61-1번지,0,1,1,1,0,0,0,0,1
송파 두산위브,서울특별시 송파구 오금동 135번지,1,1,1,1,1,0,1,0,0
송파 레이크파크 호반써밋Ⅰ,서울특별시 송파구 거여동 블록,1,1,1,1,0,0,1,0,1
송파 레이크파크 호반써밋Ⅱ,서울특별시 송파구 거여동 블록,1,1,1,1,0,0,1,0,1
송파 시그니처 롯데캐슬,서울특별시 송파구 거여동 204-123번지,1,1,1,1,0,0,1,0,1
송파 와이즈더샵,서울특별시 송파구 장지동 895번지,0,1,1,1,0,1,0,0,1
송파 호반베르디움 더 퍼스트,서울특별시 송파구 오금동 619번지,0,1,1,1,0,0,0,0,1
송파창의혁신 공공주택 건설공사(1단지),서울특별시 송파구 가락동 블록,1,0,1,1,0,0,1,0,0
송파창의혁신 공공주택 건설공사(2단지),서울특별시 송파구 가락동 블록,1,1,1,1,0,0,1,0,1
송파파인타운1단지,서울특별시 송파구 장지동 833번지,0,0,1,1,0,0,0,0,1
송파파인타운3단지,서울특별시 송파구 장지동 849번지,0,0,1,1,0,1,0,0,1
송파파인타운4단지,서울특별시 송파구 장지동 837번지,0,0,1,0,0,0,0,0,0
송파파크데일3단지,서울특별시 송파구 마천동 605번지,0,0,0,0,1,0,0,0,0
수락리버타운,서울특별시 노원구 상계동 블록,0,0,0,0,0,0,0,0,1
수명산 SK VIEW,서울특별시 양천구 신월동 1053번지,1,0,1,1,0,0,1,0,1
수명산 동원데자뷰아파트,서울특별시 양천구 신월동 1-10번지,0,0,1,1,0,0,0,0,0
수명산 롯데캐슬,서울특별시 양천구 신월동 1-4번지,0,0,1,1,0,0,0,0,1
수색 제2-2구역 재개발 아파트,서울특별시 은평구 수색동 산31-3번지,0,0,0,0,1,0,0,0,0
수색8구역 공동주택,서울특별시 은평구 수색동 16-2번지,1,1,1,1,0,0,1,0,1
수요자 맞춤형(연극인전용) 2호 공공임대주택,서울특별시 성북구 성북동 186-12번지,0,0,0,0,0,1,0,1,0
수요자 맞춤형(연극인전용)공공임대주택,서울특별시 성북구 삼선동2가 77번지,0,1,0,0,0,1,0,0,0
수유역 두산위브 아파트 1,서울특별시 강북구 번동 410번지,0,0,1,1,0,0,0,0,0
수유역 두산위브 아파트 2,서울특별시 강북구 번동 411번지,0,0,1,0,0,0,0,0,0
스마트빌 신축공사,서울특별시 영등포구 대림동 990-10번지,0,0,0,0,1,0,0,0,1
시티프라디움 더 강남 101동,서울특별시 강남구 역삼동 654-4번지,0,0,0,0,0,0,0,0,1
시티프라디움 더 강남 201동,서울특별시 강남구 역삼동 654번지,0,0,0,0,0,0,0,0,1
시흥연립 가로주택정비사업 공동주택,서울특별시 금천구 시흥동 864번지,0,0,0,0,0,0,0,0,1
신길10 재정비촉진구역 주택재건축 정비사업,서울특별시 영등포구 신길동 3590번지,1,1,1,1,0,1,1,0,1
신길13재정비촉진구역 공공재건축 정비사업,서울특별시 영등포구 신길동 340-1번지,0,1,1,1,0,0,0,0,1
신길동 3608 역세권 청년주택,서울특별시 영등포구 신길동 3608번지,1,0,1,0,0,0,1,0,0
신길센트럴아이파크,서울특별시 영등포구 신길동 4955번지,1,0,1,0,0,0,1,0,0
신길제2구역 재개발정비사업,서울특별시 영등포구 신길동 190번지,1,1,1,1,0,1,1,1,1
신길파크자이,서울특별시 영등포구 신길동 3002-1번지,0,0,1,1,0,0,0,0,1
신내 3지구 3단지 아파트,서울특별시 중랑구 신내동 187번지,0,0,0,0,0,0,0,0,1
신내 3지구 4단지 아파트,서울특별시 중랑구 신내동 1-5번지,0,0,0,0,0,0,0,0,1
신내3지구 4단지,서울특별시 중랑구 신내동 블록,1,1,1,0,0,0,1,0,0
신내동 의료안심주택,서울특별시 중랑구 신내동 314-25번지,0,0,0,0,1,0,0,0,1
신내역 금강펜테리움 센트럴파크,서울특별시 중랑구 망우동 블록,1,1,1,1,0,1,1,0,1
신내역 프라디움 더 테라스,서울특별시 중랑구 망우동 584번지,0,1,1,1,0,0,0,0,1
신내우디안1단지,서울특별시 중랑구 신내동 816번지,1,1,1,1,0,0,1,0,1
신내우디안2단지,서울특별시 중랑구 신내동 817번지,1,1,1,1,0,0,1,0,1
신내월드메르디앙,서울특별시 중랑구 신내동 482-1번지,0,0,0,0,1,0,0,1,0
신당KCC스위첸,서울특별시 중구 신당동 85-10번지,0,0,1,1,0,0,0,0,1
신당제8구역 주택재개발정비사업,서울특별시 중구 신당동 321-1번지,1,1,1,1,0,0,1,0,0
신당푸르지오,서울특별시 중구 신당동 850번지,0,0,0,0,1,0,0,0,0
신대림2차 신동아파밀리에,서울특별시 영등포구 대림동 929-56번지,0,0,1,1,0,0,0,0,1
신대방동 역세권 청년주택,서울특별시 동작구 신대방동 351-5번지,0,0,0,0,0,0,0,0,1
신도림동 00아파트,서울특별시 구로구 신도림동 360-1번지,0,0,0,0,0,0,0,0,1
신도림동 대림아파트,서울특별시 구로구 신도림동 642번지,0,0,0,0,1,0,0,0,0
신도림아이파크,서울특별시 구로구 신도림동 332-1번지,0,0,1,1,0,0,0,0,1
신림1재정비촉진구역 재개발정비사업(획지1-1),서울특별시 관악구 신림동 808번지,1,1,1,1,1,0,1,0,1
신림1재정비촉진구역 재개발정비사업(획지1-2),서울특별시 관악구 신림동 808번지,0,1,1,1,1,0,0,0,0
신림1재정비촉진구역 재개발정비사업(획지1-3),서울특별시 관악구 신림동 808번지,1,1,1,1,1,0,1,0,1
신림1재정비촉진구역 재정비촉진계획(획지1-6),서울특별시 관악구 신림동 808번지,1,0,1,1,1,0,1,0,1
신림1재정비촉진지구 재정비촉진계획(획지1-4),서울특별시 관악구 신림동 808번지,1,1,1,1,1,1,1,0,1
신림동 628-1 OO도시형생활주택,서울특별시 관악구 신림동 628-1번지,0,0,0,0,0,1,0,0,1
신림동 역세권 청년주택,서울특별시 관악구 신림동 240-1번지,0,0,0,0,0,0,0,0,1
신목동파라곤,서울특별시 양천구 신월동 489-3번지,1,0,1,1,0,0,1,0,1
신반포12차아파트,서울특별시 서초구 잠원동 50-5번지,1,1,1,1,0,0,1,0,1
신반포15차아파트,서울특별시 서초구 반포동 12번지,0,1,1,1,0,0,0,0,1
신반포16차아파트 재건축사업,서울특별시 서초구 잠원동 55-12번지,0,0,1,1,0,0,0,0,1
신반포18차 337동 주택재건축정비사업,서울특별시 서초구 잠원동 49-17번지,1,0,1,1,0,0,1,0,1
신반포22차 주택재건축정비사업,서울특별시 서초구 잠원동 65-33번지,1,0,1,1,0,0,1,0,1
신반포자이,서울특별시 서초구 잠원동 66번지,0,0,0,1,0,0,0,0,0
신생보훈주택 재건축아파트,서울특별시 강동구 상일동 180번지,0,0,0,0,0,0,0,0,1
신설1구역 공공재개발사업 건설공사,서울특별시 동대문구 신설동 92-5번지,1,1,1,1,1,0,1,0,0
신수동아너스빌아파트,서울특별시 마포구 신수동 325번지,0,1,1,1,0,0,0,0,1
신영제1구역주택재개발정비사업아파트,서울특별시 종로구 신영동 158-2번지,1,0,1,1,1,1,1,0,0
신용산역 00아파트,서울특별시 용산구 한강로2가 2-5번지,1,1,1,1,0,1,1,0,1
신월곡1구역,서울특별시 성북구 하월곡동 88-142번지,1,1,1,1,1,0,1,0,1
신월동코아루2단지,서울특별시 양천구 신월동 1058번지,0,0,1,1,0,0,0,0,0
신월에비뉴원,서울특별시 양천구 신월동 48-7번지,0,0,0,0,0,0,0,0,1
신정 이펜하우스 2단지,서울특별시 양천구 신정동 블록,0,1,1,1,0,0,0,0,1
신정 이펜하우스 4단지,서울특별시 양천구 신정동 블록,0,1,1,1,0,0,0,0,1
신정 이펜하우스 5단지,서울특별시 양천구 신정동 블록,0,1,1,1,0,0,0,0,1
신정2 재정비촉진구역 1지구 주택재개발 아파트,서울특별시 양천구 신정동 1175-28번지,1,0,1,1,0,0,1,0,1
신정2 재정비촉진구역 1지구 주택재개발 정비사업,서울특별시 양천구 신정동 1175-28번지,1,1,1,1,0,1,1,0,1
신정2재정비촉진구역1지구주택재개발,서울특별시 양천구 신정동 1175-28번지,1,1,1,1,0,0,1,0,1
신정4 재정비촉진구역 재건축사업,서울특별시 양천구 신정동 1200-1번지,1,1,1,1,0,0,1,0,1
신정뉴타운 롯데캐슬,서울특별시 양천구 신월동 612-13번지,1,1,1,1,0,1,1,0,1
신정도시마을주택,서울특별시 양천구 신정동 1289-2번지,1,0,1,0,0,0,1,0,1
신정동 수정아파트,서울특별시 양천구 신정동 733-31번지,1,0,1,1,1,0,1,0,1
신정재정비촉진지구 제1구역3지구 주택재개발정비사업,서울특별시 양천구 신월동 606-17번지,0,0,1,1,0,1,0,0,0
쌍문동 137-94 공동주택 (쌍문동137번지지역주택조합),서울특별시 도봉구 쌍문동 137-94번지,0,0,0,0,0,0,0,0,1
쌍문동 716-36 드림시티 4차 아파트,서울특별시 도봉구 쌍문동 716-36번지,0,0,0,0,0,0,0,0,1
쌍문동 삼성래미안,서울특별시 도봉구 쌍문동 382번지,0,0,0,0,1,0,0,0,0
쌍문역 시티프라디움,서울특별시 도봉구 쌍문동 380-19번지,0,0,1,0,0,0,0,0,1
쌍용 더 플래티넘 용마산,서울특별시 중랑구 면목동 1548번지,0,0,1,0,0,0,0,0,0
쌍용예가클래식,서울특별시 서초구 방배동 776-3번지,0,0,0,0,1,0,0,0,0
아가토스9,서울특별시 관악구 봉천동 1595-7번지,0,0,0,0,1,0,0,0,0
아이유하임,서울특별시 금천구 독산동 1162번지,0,1,0,0,0,0,0,0,0
아크로 리버 뷰 신반포,서울특별시 서초구 잠원동 64-8번지,1,1,1,1,0,1,1,0,1
아크로 삼성,서울특별시 강남구 삼성동 79번지,0,1,1,1,0,1,0,1,1
아크로리버파크,서울특별시 서초구 반포동 2-1번지,1,0,1,1,0,1,1,0,0
아크로타워 스퀘어,서울특별시 영등포구 영등포동7가 145-8번지,1,1,1,1,0,0,1,0,1
아파트,서울특별시 구로구 구로동 113-7번지,0,0,0,0,0,0,0,0,1
아파트 및 부대복리시설,서울특별시 강남구 일원동 615-1번지,1,0,1,1,0,1,1,0,1
"아파트, 입주민쉼터(휴게실)",서울특별시 구로구 오류동 150-42번지,0,0,0,0,0,1,0,0,0
아현아이파크,서울특별시 마포구 아현동 802번지,0,1,1,1,0,1,0,0,1
아현역 푸르지오,서울특별시 서대문구 북아현동 174번지,1,1,1,1,0,0,1,0,1
암사동 공동주택,서울특별시 강동구 암사동 514번지,0,1,1,1,0,0,0,0,1
암사동 대명아파트 가로주택 정비사업,서울특별시 강동구 암사동 447-8번지,0,0,0,0,0,0,0,0,1
앙시레이크타워,서울특별시 송파구 잠실동 305번지,0,1,0,0,1,0,0,0,0
애오개아이파크,서울특별시 마포구 아현동 780번지,0,0,0,0,1,0,0,0,0
양원 금호어울림 포레스트,서울특별시 중랑구 망우동 블록,1,1,1,1,0,0,1,0,1
양재동 역세권 청년주택,서울특별시 서초구 양재동 산17-7번지,1,1,0,0,0,0,1,1,0
양재동(102번지)임대아파트,서울특별시 서초구 양재동 102번지,0,1,1,1,0,0,0,0,1
양재동(212번지)임대아파트,서울특별시 서초구 양재동 212번지,1,0,1,1,0,0,1,0,1
양재리본타워1단지,서울특별시 서초구 양재동 102번지,0,1,1,1,0,0,0,0,1
양재리본타워2단지,서울특별시 서초구 양재동 212번지,1,0,1,1,0,0,1,0,1
양재역세권2030청년주택(민간건축물),서울특별시 서초구 서초동 1365-8번지,0,0,0,0,0,0,0,0,1
양지대림아파트,서울특별시 노원구 중계동 587-1번지,0,0,0,1,0,0,0,0,0
양천구 신정동 도시형생활주택(원룸형 아파트),서울특별시 양천구 신정동 119-2번지,0,0,0,0,0,0,0,0,1
양천중앙하이츠,서울특별시 양천구 신정동 1314번지,0,0,1,1,0,0,0,0,1
양평 유성빌라 가오주택정비사업,서울특별시 영등포구 양평동6가 84번지,1,0,0,0,0,0,1,0,0
양평 제11구역 도시환경정비사업 아파트신축공사,서울특별시 영등포구 양평동1가 148-8번지,0,0,0,0,0,0,0,0,1
양평동1차 태승훼미리 아파트,서울특별시 영등포구 양평동3가 103번지,0,0,1,0,0,0,0,0,0
양평역 미소지움,서울특별시 영등포구 양평동3가 29-1번지,0,0,1,0,0,1,0,0,1
양평제12구역 도시환경정비사업 공동주택,서울특별시 영등포구 양평동1가 265-1번지,0,1,1,1,0,0,0,0,0
양평제12구역아파트,서울특별시 영등포구 양평동1가 243-1번지,1,1,1,1,0,1,1,0,1
어스빌리지,서울특별시 구로구 궁동 136-12번지,0,0,0,0,0,0,0,0,1
어쩌다집 @상암,서울특별시 마포구 상암동 31번지,0,0,0,0,0,0,0,0,1
에드가 상계,서울특별시 노원구 상계동 1412번지,0,1,0,0,0,1,0,1,1
에드가 수유,서울특별시 강북구 수유동 47-52번지,0,1,0,0,0,0,0,1,1
에드가 휘경,서울특별시 동대문구 휘경동 381번지,0,0,0,0,0,1,0,1,1
에비뉴원 마포,서울특별시 마포구 망원동 439-5번지,1,1,1,0,0,1,1,0,1
에스유1025-A,서울특별시 노원구 상계동 1025-32번지,0,0,0,0,0,0,0,0,1
에스유1025비,서울특별시 노원구 상계동 1025-40번지,0,0,0,0,0,0,0,0,1
에피소드 수유 838,서울특별시 강북구 수유동 740번지,0,0,0,0,0,0,0,0,1
엘지한강자이아파트,서울특별시 용산구 이촌동 430번지,0,0,0,0,1,0,0,0,0
여의도 대교아파트 재건축정비사업,서울특별시 영등포구 여의도동 41번지,1,1,1,1,0,0,1,0,1
여의도 한양아파트 주택재건축 정비사업,서울특별시 영등포구 여의도동 42번지,1,1,1,1,0,0,1,0,1
여의도리버뷰,서울특별시 영등포구 신길동 14-3번지,0,0,0,0,0,0,0,0,1
역삼2차아이파크,서울특별시 강남구 역삼동 765-13번지,0,0,1,1,0,0,0,0,0
역삼개나리5차아파트,서울특별시 강남구 역삼동 716-1번지,0,0,1,1,0,0,0,0,1
역삼동 EG SoulLeader,서울특별시 강남구 역삼동 828-28번지,0,0,0,0,0,0,0,0,1
역삼동 레전드힐,서울특별시 강남구 역삼동 765-15번지,0,0,0,0,0,0,0,0,1
역삼청년주택,서울특별시 강남구 역삼동 828-2번지,1,1,0,1,0,0,1,0,1
역촌동 LH 매입약정 임대주택 신축공사,서울특별시 은평구 역촌동 14-7번지,0,1,0,0,0,0,0,0,0
역촌센트레빌,서울특별시 은평구 역촌동 220번지,0,0,1,1,0,1,0,0,1
연극인주택2호,서울특별시 성북구 성북동 186-12번지,0,0,0,0,0,1,0,1,0
연남동 LH참여형 가로주택정비사업,서울특별시 마포구 연남동 244-16번지,0,0,1,0,0,0,0,0,0
연희 공공주택 복합시설,서울특별시 서대문구 연희동 446-27번지,0,0,0,0,0,0,0,0,1
연희동도시형생활주택,서울특별시 서대문구 연희동 220-3번지,0,0,0,0,0,0,0,0,1
연희제1구역 주택재개발 아파트 신축공사,서울특별시 서대문구 연희동 533번지,0,1,0,0,0,0,0,0,1
연희파크푸르지오,서울특별시 서대문구 연희동 711-2번지,0,0,1,1,0,1,0,0,1
염창동 강변 월드메르디앙 아파트,서울특별시 강서구 염창동 240-1번지,0,0,0,0,1,0,0,0,0
염창힐스테이트,서울특별시 강서구 염창동 306번지,0,0,1,0,0,0,0,0,0
영등포 1-11,서울특별시 영등포구 영등포동5가 30번지,1,1,1,1,0,1,1,0,1
영등포 중흥에스클래스,서울특별시 영등포구 양평동1가 247번지,0,0,0,1,1,0,0,0,1
영등포1-13 도시환경정비사업,서울특별시 영등포구 영등포동5가 32-8번지,0,1,1,1,0,0,0,0,0
영등포1-4 도시환경정비사업 주상복합 신축공사,서울특별시 영등포구 영등포동7가 145-8번지,1,1,1,1,0,1,1,0,1
영등포6가 도시형생활주택,서울특별시 영등포구 영등포동6가 7번지,0,0,0,0,0,0,0,0,1
영등포구 당산4가 당산현대2차아파트 소규모재건축 정비사업,서울특별시 영등포구 당산동4가 92번지,1,0,1,1,0,0,1,0,1
영풍빌라 가로주택정비사업,서울특별시 송파구 거여동 136-49번지,0,0,0,0,1,0,0,0,0
예술인주택,서울특별시 강북구 수유동 567-9번지,0,0,0,0,0,0,0,0,1
오금동 147일원 가로주택정비사업,서울특별시 송파구 오금동 147번지,0,0,0,0,0,0,0,1,1
오금동143일원 가로주택정비사업,서울특별시 송파구 오금동 143-1번지,0,0,0,0,0,0,0,1,1
오류동 포레스토힐Ⅱ,서울특별시 구로구 오류동 283-1번지,0,0,0,0,0,0,0,0,1
오류동 행복주택 건설사업,서울특별시 구로구 오류동 61-1번지,0,0,1,0,0,0,0,0,0
오류동현대연립재건축정비사업,서울특별시 구로구 오류동 156-15번지,0,0,1,1,0,0,0,0,1
옥수 어울림,서울특별시 성동구 옥수동 560번지,0,0,1,1,0,0,0,0,1
온누리 더 메디치 아파트,서울특별시 구로구 오류동 245-4번지,0,0,0,0,0,0,0,0,1
온수역 역세권활성화 사업 A부지,서울특별시 구로구 오류동 블록,1,1,1,1,1,1,1,0,0
온수역 역세권활성화 사업 B부지,서울특별시 구로구 오류동 블록,1,1,1,1,0,1,1,0,0
온수역 청년안심주택 신축공사,서울특별시 구로구 오류동 108-105번지,0,0,0,0,0,0,0,0,1
온수연립주택아파트재건축공사,서울특별시 구로구 온수동 125번지,0,0,0,0,0,0,0,0,1
왕십리KCC스위첸,서울특별시 성동구 하왕십리동 1002번지,0,0,1,1,0,0,0,0,0
왕십리뉴타운1구역 텐즈힐,서울특별시 성동구 하왕십리동 339-67번지,0,0,1,1,0,0,0,0,1
용답동 역세권 청년주택,서울특별시 성동구 용답동 231번지,1,1,1,0,0,0,1,0,1
용답동주택재개발정비사업 아파트,서울특별시 성동구 용답동 108-1번지,1,1,1,1,0,0,1,0,1
용두 두산위브,서울특별시 동대문구 용두동 791번지,0,0,1,1,0,0,0,0,1
용마산 모아엘가 파크포레,서울특별시 중랑구 면목동 55-14번지,1,0,1,1,0,0,1,0,0
용마산하늘채,서울특별시 중랑구 면목동 1447번지,1,0,1,1,0,0,1,0,0
용산 더프라임,서울특별시 용산구 원효로1가 41-1번지,0,0,1,1,0,0,0,0,1
용산 데시앙 포레,서울특별시 용산구 효창동 3-250번지,1,1,1,1,0,0,1,0,0
용산 원효 루미니,서울특별시 용산구 원효로1가 134번지,1,1,1,0,0,0,1,0,1
용산푸르지오파크타운,서울특별시 용산구 동빙고동 315번지,1,1,1,1,0,0,1,0,1
우남퍼스트빌더센트럴,서울특별시 구로구 항동 블록,1,1,1,1,0,0,1,0,0
우디안4단지,서울특별시 중랑구 신내동 831번지,1,1,1,0,0,0,1,0,0
우리유앤미아파트,서울특별시 서대문구 충정로3가 466번지,0,0,1,1,0,0,0,0,0
우석연립 소규모재건축사업,서울특별시 마포구 용강동 39-1번지,1,0,0,0,0,0,1,0,1
우성2차아파트,서울특별시 강남구 대치동 985번지,0,1,1,1,0,0,0,0,1
우장산 동문디이스트,서울특별시 강서구 내발산동 716-20번지,0,1,0,1,0,1,0,0,0
우장산 신일해피트리,서울특별시 강서구 내발산동 712-5번지,0,1,0,1,0,0,0,0,1
우장산 에스케이 뷰,서울특별시 강서구 화곡동 1158번지,0,0,0,0,0,0,0,0,1
우장산숲아이파크,서울특별시 강서구 화곡동 1173번지,1,1,1,1,0,1,1,0,1
워커힐푸르지오,서울특별시 광진구 광장동 148-4번지,0,0,0,1,0,0,0,0,1
원에디션 강남,서울특별시 강남구 역삼동 653-4번지,0,0,0,0,0,1,0,0,0
원효로1가 역세권 청년주택,서울특별시 용산구 원효로1가 104번지,1,1,1,0,0,0,1,0,1
"월계1,2단지주공아파트",서울특별시 노원구 월계동 556번지,0,0,0,1,0,0,0,0,0
월계동 주택재건축정비사업,서울특별시 노원구 월계동 487-17번지,0,1,1,1,0,0,0,0,1
월계동신아파트 주택재건축정비사업,서울특별시 노원구 월계동 436번지,1,1,1,1,0,0,1,1,0
월계센트럴아이파크,서울특별시 노원구 월계동 951번지,0,1,0,1,0,0,0,0,0
월곡제3동사무소,서울특별시 성북구 하월곡동 225-7번지,0,0,0,0,1,0,0,0,0
위례 포레샤인 13단지,서울특별시 송파구 거여동 599번지,1,1,1,1,0,1,1,0,1
위례 포레샤인 15단지,서울특별시 송파구 거여동 606번지,1,1,1,1,0,0,1,0,1
위례 포레샤인 17단지,서울특별시 송파구 거여동 651번지,1,1,1,1,1,1,1,0,1
위례 포레샤인18단지,서울특별시 송파구 거여동 648번지,0,1,1,1,1,0,0,0,1
위례2차아이파크,서울특별시 송파구 장지동 884번지,0,1,1,1,0,0,0,0,1
위례신도시 송파푸르지오,서울특별시 송파구 장지동 878번지,1,1,1,1,0,0,1,0,1
위례아이파크,서울특별시 송파구 장지동 894번지,0,1,1,0,0,0,0,0,1
유니트125,서울특별시 동대문구 장안동 418-1번지,0,0,0,0,0,0,0,0,1
유니트로,서울특별시 강서구 방화동 847번지,0,0,0,0,0,0,0,0,1
유엔사 부지 복합개발사업 신축공사,서울특별시 용산구 이태원동 22-34번지,0,0,1,1,0,0,0,0,0
유원제일1차아파트 주택재건축정비사업,서울특별시 영등포구 당산동4가 91번지,1,1,1,1,0,0,1,0,1
유원제일2차아파트재건축정비,서울특별시 영등포구 당산동5가 7-2번지,1,1,1,1,0,1,1,0,1
율현리엔파크,서울특별시 강남구 율현동 167번지,0,0,0,0,0,0,0,0,1
은뜨락,서울특별시 은평구 진관동 235-28번지,0,1,1,1,0,0,0,0,1
은성마을 승윤노블리안,서울특별시 양천구 신월동 15-2번지,0,0,1,0,0,0,0,0,0
은평 뉴타운 중심상업지 복합개발 PF사업,서울특별시 은평구 진관동 79-15번지,0,1,1,1,0,0,0,0,1
은평 서해그랑블,서울특별시 은평구 구산동 307-1번지,1,0,1,0,0,0,1,0,0
은평 스카이뷰 자이,서울특별시 은평구 진관동 블록,1,1,1,1,1,1,1,0,0
은평구 신사동 아파트,서울특별시 은평구 신사동 291-1번지,0,0,0,0,1,0,0,0,0
은평구 응암3 주택재건축 정비사업,서울특별시 은평구 응암동 626-53번지,1,1,1,1,0,0,1,0,1
은평뉴타운 구파발,서울특별시 은평구 진관동 22번지,0,1,1,1,0,0,0,0,1
은평뉴타운 상림골,서울특별시 은평구 진관동 14번지,1,0,1,1,1,0,1,0,1
은평뉴타운 상림마을,서울특별시 은평구 진관동 6번지,0,0,1,1,1,0,0,0,1
은평뉴타운 제각말,서울특별시 은평구 진관동 92번지,0,1,1,1,0,0,0,0,1
은평뉴타운3지구 A공구아파트(3-1블럭),서울특별시 은평구 진관동 블록,0,0,0,0,0,0,0,0,1
은평뉴타운3지구 A공구아파트(3-4블럭),서울특별시 은평구 진관동 블록,0,0,0,0,0,0,0,0,1
은평뉴타운3지구 A공구아파트(3-5블럭),서울특별시 은평구 진관동 블록,0,0,0,0,0,0,0,0,1
은평뉴타운3지구 B공구 아파트(3-2블럭),서울특별시 은평구 진관동 블록,0,0,0,0,0,0,0,0,1
은평뉴타운3지구B공구 아파트 (3-3블럭),서울특별시 은평구 진관동 블록,0,1,1,1,0,0,0,0,1
은평뉴타운3지구C공구아파트(2-9블럭),서울특별시 은평구 진관동 블록,0,0,1,0,0,0,0,0,0
은평신사두산위브아파트,서울특별시 은평구 신사동 291-1번지,0,0,0,0,1,0,0,0,0
은평지웰 테라스,서울특별시 은평구 진관동 16-29번지,0,0,0,0,0,0,0,0,1
응봉1구역 주택재건축 정비사업 신축공사,서울특별시 성동구 응봉동 193-162번지,1,1,1,1,0,0,1,0,1
응암 제11구역 주택재개발 정비사업,서울특별시 은평구 응암동 455-25번지,1,1,1,1,0,0,1,0,1
응암역 효성해링턴플레이스,서울특별시 은평구 신사동 19-190번지,0,0,1,1,0,0,0,0,0
응암제2구역 재개발아파트,서울특별시 은평구 응암동 36번지,1,1,1,1,1,0,1,0,1
이너스 양화아파트 6차,서울특별시 강서구 염창동 250-3번지,0,0,0,0,0,0,0,0,1
이너스내안에 301동,서울특별시 강서구 염창동 244-18번지,0,0,1,0,0,0,0,0,0
이너스내안에아파트,서울특별시 강북구 미아동 163-3번지,0,0,0,0,1,0,0,0,0
이든채,서울특별시 양천구 신정동 1320-8번지,0,0,1,1,0,0,0,0,1
이랜드PEER북가좌아파트,서울특별시 서대문구 북가좌동 333-1번지,1,0,1,0,1,0,1,0,1
이문 아이파크 자이 1단지,서울특별시 동대문구 이문동 149-8번지,0,1,1,1,0,0,0,1,1
이문 아이파크 자이 2단지,서울특별시 동대문구 이문동 149-8번지,0,1,1,1,0,0,0,1,1
이문/삼성아파트,서울특별시 동대문구 이문동 264-180번지,0,0,0,0,1,0,0,0,0
이문3재정비촉진구역주택재개발정비사업3단지,서울특별시 동대문구 이문동 149-8번지,1,1,1,1,1,1,1,1,1
이문4재정비촉진구역 주택재개발,서울특별시 동대문구 이문동 86-1번지,1,1,1,1,0,0,1,0,1
이문동 대성 유니드 아파트,서울특별시 동대문구 이문동 46-1번지,0,0,1,0,0,0,0,0,1
이문휘경 지웰에스테이트,서울특별시 동대문구 휘경동 377번지,0,0,0,0,0,0,0,0,1
이수 스위첸 포레힐즈,서울특별시 동작구 동작동 102번지,0,0,1,1,0,0,0,0,0
이수 푸르지오 더 프레티움,서울특별시 동작구 사당동 42번지,1,1,1,1,0,0,1,0,1
이수힐스테이트,서울특별시 동작구 동작동 333번지,1,0,1,1,0,0,1,0,1
이스트폴,서울특별시 광진구 자양동 680-63번지,0,1,1,1,0,0,0,0,1
이안테라디움성북,서울특별시 성북구 정릉동 868번지,0,0,0,0,0,0,0,0,1
이촌동현대아파트,서울특별시 용산구 이촌동 301-160번지,1,1,1,1,1,1,1,1,1
이촌두산위브트레지움,서울특별시 용산구 이촌동 301-155번지,0,0,1,0,0,0,0,0,1
이튼타워리버5차,서울특별시 광진구 자양동 856번지,1,0,1,1,0,0,1,0,1
이편한세상금호파크힐스,서울특별시 성동구 금호동1가 184-5번지,1,1,1,1,0,0,1,0,1
이편한세상옥수파크힐스1단지,서울특별시 성동구 옥수동 528번지,0,0,0,0,0,0,0,0,1
인암빌,서울특별시 성동구 사근동 210-4번지,0,0,0,0,0,0,0,0,1
일성트루엘 아파트,서울특별시 강서구 방화동 191-3번지,0,0,1,1,1,0,0,0,1
일신건영휴먼빌아파트작은도서관,서울특별시 성북구 돈암동 524번지,0,1,0,0,0,0,0,0,0
자곡포레,서울특별시 강남구 율현동 블록,1,1,1,1,0,0,1,0,1
자양 호반써밋,서울특별시 광진구 자양동 861번지,1,1,1,1,0,0,1,0,1
자양1재정비촉진구역 1-2획지 행복주택,서울특별시 광진구 자양동 680-63번지,0,1,1,1,0,0,0,0,1
자양동 796번지 공동주택,서울특별시 광진구 자양동 796번지,0,0,0,0,1,1,0,1,1
자양동 현대한창 가로주택정비사업,서울특별시 광진구 자양동 694-2번지,0,0,0,0,0,0,0,0,1
자현유하우스,서울특별시 서초구 방배동 940-4번지,0,0,0,0,1,0,0,0,0
잠실 르엘,서울특별시 송파구 신천동 17-6번지,1,1,1,1,0,1,1,0,1
잠실4단지 재건축아파트,서울특별시 송파구 잠실동 44번지,0,0,0,0,1,0,0,0,0
잠실더샵루벤,서울특별시 송파구 송파동 171번지,0,1,1,1,0,1,0,0,0
잠실올림픽공원 IPARK,서울특별시 송파구 풍납동 388-7번지,1,1,1,1,0,1,1,0,0
잠실우성4차 재건축사업,서울특별시 송파구 잠실동 320번지,1,0,1,1,0,0,1,0,1
장수마을아파트,서울특별시 양천구 신월동 1037번지,0,0,1,0,0,0,0,0,1
장승배기역지역주택조합아파트,서울특별시 동작구 상도동 363-10번지,1,1,1,1,1,0,1,0,1
장안동 마루하우스,서울특별시 동대문구 장안동 94-27번지,1,0,0,0,0,0,1,0,0
장안동 일성트루엘,서울특별시 동대문구 장안동 425-1번지,0,0,1,1,0,0,0,0,0
장위 제2구역 주택재개발아파트,서울특별시 성북구 장위동 290-9번지,1,1,1,1,0,0,1,0,1
장위10구역 주택재개발 정비사업 신축공사,서울특별시 성북구 장위동 68-37번지,1,1,1,1,0,1,1,0,1
장위11-1구역 가로주택정비사업 공동주택(아파트) 신축공사,서울특별시 성북구 장위동 68-435번지,1,0,0,1,1,0,1,0,0
장위11-2구역 가로주택정비사업,서울특별시 성북구 장위동 68-833번지,1,1,1,1,0,1,1,0,1
장위6구역 주택재개발정비사업,서울특별시 성북구 장위동 25-55번지,1,1,1,1,0,0,1,0,1
장위자이 레디언트,서울특별시 성북구 장위동 62-1번지,1,1,1,1,0,1,1,0,1
장지공영차고지,서울특별시 송파구 장지동 862번지,0,0,1,0,0,1,0,1,1
전농 도시정비형재개발사업,서울특별시 동대문구 전농동 494-1번지,1,1,1,1,1,1,1,0,0
정릉 우정에쉐르,서울특별시 성북구 정릉동 1033번지,0,0,1,1,0,1,0,0,1
정릉골 연립주택 2단지,서울특별시 성북구 정릉동 757번지,1,0,1,1,0,0,1,0,1
정릉골 연립주택 3단지,서울특별시 성북구 정릉동 757번지,1,0,1,0,0,0,1,0,1
정릉골 연립주택 4단지,서울특별시 성북구 정릉동 757번지,1,0,1,1,0,0,1,0,0
정릉골 연립주택 5단지,서울특별시 성북구 정릉동 757번지,1,0,1,0,0,0,1,0,1
정릉골 연립주택 6단지,서울특별시 성북구 정릉동 757번지,1,0,1,0,0,0,1,0,1
정릉골 연립주택 7단지,서울특별시 성북구 정릉동 757번지,1,0,0,0,0,0,1,0,1
정릉골 연립주택 8단지,서울특별시 성북구 정릉동 757번지,1,0,0,0,0,0,1,0,0
정릉공공주택,서울특별시 성북구 정릉동 894-22번지,0,0,1,1,1,1,0,1,1
정릉대우아파트,서울특별시 성북구 정릉동 산1-151번지,0,0,0,0,1,0,0,0,0
정릉동 218-1번지 일대 가로주택정비사업 아파트,서울특별시 성북구 정릉동 218-1번지,1,1,0,1,0,0,1,0,0
정릉푸르지오아파트,서울특별시 성북구 정릉동 406번지,0,0,0,0,1,0,0,0,0
정릉하늘마루,서울특별시 성북구 정릉동 1054번지,0,0,1,1,1,1,0,1,1
제로에너지 주택 실증단지,서울특별시 노원구 하계동 251-9번지,0,0,1,1,1,0,0,0,1
제일캐슬,서울특별시 양천구 신월동 494-9번지,0,0,0,0,1,0,0,0,0
젤라연립 재건축 신축공사,서울특별시 강서구 화곡동 812-26번지,0,0,0,0,1,0,0,0,0
조흥샛별 우방아파트,서울특별시 금천구 시흥동 270-4번지,0,0,0,0,1,0,0,0,0
종로구 구기동 공동주택 신축공사,서울특별시 종로구 구기동 88-2번지,1,0,1,0,0,0,1,0,0
종암5구역주택재개발아파트,서울특별시 성북구 종암동 100-56번지,1,0,1,1,1,0,1,0,1
종암6구역주택재개발,서울특별시 성북구 종암동 95-2번지,1,0,1,1,0,1,1,0,1
종암동 개운산마을 가로주택정비사업,서울특별시 성북구 종암동 81-188번지,0,0,0,0,0,0,0,0,1
주동제1동,서울특별시 서초구 방배동 911-3번지,0,1,0,0,1,1,0,0,0
"주민휴게실1,2",서울특별시 서대문구 홍은동 458번지,0,0,0,0,0,1,0,0,0
주함해븐빌,서울특별시 중랑구 면목동 1538번지,0,0,0,0,0,0,0,0,1
중계 불암산 지역주택조합,서울특별시 노원구 중계동 172-1번지,0,0,1,0,0,0,0,0,0
중계 한화 꿈에그린 The FIRST,서울특별시 노원구 중계동 156-11번지,1,1,1,0,1,1,1,0,1
중계동 제일주택,서울특별시 노원구 중계동 156-29번지,1,1,1,1,1,1,1,0,1
중계본동 주택재개발정비구역 공동주택,서울특별시 노원구 중계동 30-3번지,1,1,1,1,0,0,1,0,1
중계본동 주택재개발정비구역 임대주택,서울특별시 노원구 중계동 30-3번지,1,1,1,1,0,1,1,1,1
중계센트럴파크,서울특별시 노원구 상계동 1322번지,1,1,1,1,0,1,1,0,0
중계현대6차아파트,서울특별시 노원구 중계동 34번지,0,0,1,0,0,0,0,0,1
중랑구 상봉동 109-28번지 역세권 청년주택,서울특별시 중랑구 상봉동 109-28번지,0,1,0,0,0,0,0,0,1
중랑숲 Liga아파트,서울특별시 중랑구 망우동 583번지,1,1,1,1,0,1,1,0,0
중화동 동양엔파트 2차,서울특별시 중랑구 중화동 208-21번지,0,0,1,1,0,0,0,0,1
중화동 세광하니타운 가로주택 정비사업,서울특별시 중랑구 중화동 296-44번지,1,1,1,1,0,0,1,0,0
증산 공공주택 복합시설,서울특별시 은평구 증산동 238-4번지,0,0,0,0,1,1,0,1,0
진달래아파트2차(가칭),서울특별시 강남구 역삼동 762-1번지,1,0,1,1,0,0,1,0,1
진흥아파트,서울특별시 동작구 사당동 289번지,0,0,0,0,1,0,0,0,0
진흥연립재건축아파트,서울특별시 동작구 사당동 ,0,0,0,0,1,0,0,0,0
찬솔팰리스,서울특별시 관악구 신림동 1678번지,0,0,0,0,1,1,0,0,0
천왕 이펜하우스 1단지,서울특별시 구로구 천왕동 블록,0,0,1,0,0,0,0,0,0
천왕 이펜하우스 3단지,서울특별시 구로구 천왕동 블록,0,1,1,0,0,0,0,0,1
천왕 이펜하우스 5단지,서울특별시 구로구 천왕동 블록,0,0,1,0,0,0,0,0,0
천왕2지구 도시형생활주택(2),서울특별시 구로구 천왕동 블록,0,0,0,0,0,0,0,1,1
천왕동 여성안심주택,서울특별시 구로구 천왕동 산25-8번지,0,0,0,0,0,0,0,0,1
천왕역 모아엘가 트레뷰,서울특별시 구로구 오류동 362번지,1,0,1,1,0,0,1,0,1
천왕연지마을1단지,서울특별시 구로구 천왕동 블록,0,0,0,0,0,0,0,0,1
천왕연지마을2단지,서울특별시 구로구 천왕동 블록,0,0,0,0,0,0,0,1,1
천왕이펜하우스에스,서울특별시 구로구 천왕동 277-5번지,0,0,0,0,0,0,0,0,1
천왕지구 3단지 00아파트,서울특별시 구로구 천왕동 블록,0,1,1,0,0,0,0,0,1
천왕지구 5단지 아파트,서울특별시 구로구 천왕동 블록,0,0,1,0,0,0,0,0,0
천왕지구1단지 아파트,서울특별시 구로구 천왕동 블록,0,0,1,0,0,0,0,0,0
천호 특별계획구역 C2 주상복합,서울특별시 강동구 천호동 448번지,0,1,1,0,0,0,0,0,1
천호역 마에스트로,서울특별시 강동구 천호동 334-2번지,1,0,0,0,0,0,1,0,1
천호역 효성해링턴타워,서울특별시 강동구 성내동 87-1번지,0,1,1,0,0,0,0,0,1
천호우성아파트,서울특별시 강동구 천호동 19-1번지,0,0,1,1,0,0,0,0,1
청계 SK VIEW,서울특별시 성동구 용답동 253번지,0,1,1,1,0,0,0,0,0
청구 e편한세상,서울특별시 중구 신당동 45번지,0,0,1,1,0,0,0,0,1
청년미래공동체주택,서울특별시 서대문구 홍은동 466번지,0,0,0,0,0,0,0,0,1
청년임대주택,서울특별시 송파구 가락동 38-5번지,0,0,0,0,0,0,0,0,1
청담 르엘,서울특별시 강남구 청담동 134-18번지,0,1,1,0,0,0,0,0,1
청담동 GS자이 아파트,서울특별시 강남구 청담동 134-9번지,0,0,0,0,1,0,0,0,0
청담아이파크,서울특별시 강남구 청담동 130번지,1,0,1,1,1,0,1,0,0
청량리 KT부지 도시형생활주택,서울특별시 동대문구 청량리동 368번지,0,0,0,0,0,1,0,1,1
청량리 병원이적지 복합시설 신축공사,서울특별시 동대문구 청량리동 46번지,0,0,1,1,0,0,0,0,1
청량리4구역 주거복합,서울특별시 동대문구 전농동 620-47번지,0,1,1,1,0,0,0,0,1
청량리역 롯데캐슬 Sky-L65,서울특별시 동대문구 전농동 620-47번지,0,0,0,0,0,1,0,0,1
청량리제8구역 주택재개발정비사업,서울특별시 동대문구 청량리동 435번지,0,1,1,1,0,1,0,0,1
청호 뜨레피움 퍼스트 아파트,서울특별시 강동구 둔촌동 64번지,0,0,0,0,0,0,0,0,1
충림예하임아파트,서울특별시 서대문구 충정로3가 128-1번지,0,0,0,0,0,0,0,0,1
충무로 헤센 스마트,서울특별시 중구 충무로5가 79-2번지,0,0,0,0,0,0,0,0,1
충정도시형생활주택신축공사,서울특별시 서대문구 충정로3가 72-1번지,0,0,0,0,0,0,0,0,1
충정로 SK VIEW,서울특별시 서대문구 합동 118번지,0,0,1,1,1,0,0,0,0
칠성아파트 가로주택정비사업,서울특별시 구로구 구로동 685-280번지,0,0,1,0,0,0,0,0,1
크라운빌,서울특별시 종로구 명륜1가 36-17번지,0,0,0,0,0,1,0,0,0
킴스아파트,서울특별시 중랑구 면목동 1547번지,0,0,0,0,1,0,0,0,0
태릉해링턴플레이스,서울특별시 노원구 공릉동 230번지,0,0,0,0,0,0,0,0,1
테라팰리스,서울특별시 광진구 자양동 224-15번지,0,0,0,0,1,0,0,0,0
트리니엘,서울특별시 송파구 방이동 138-4번지,0,0,0,0,1,0,0,0,0
트리마제,서울특별시 성동구 성수동1가 718번지,0,1,0,1,0,0,0,0,1
파크원빌,서울특별시 중구 장충동2가 211번지,1,1,0,0,0,1,1,0,0
파크하비오,서울특별시 송파구 문정동 618번지,0,0,0,1,0,0,0,0,1
펜트힐 루 논현,서울특별시 강남구 논현동 211-21번지,0,0,0,0,0,0,0,0,1
펜트힐 캐스케이드,서울특별시 강남구 논현동 106번지,0,0,0,0,0,0,0,0,1
평창동 주거복합단지,서울특별시 종로구 평창동 113-1번지,1,0,0,0,0,0,1,0,1
포레나 노원,서울특별시 노원구 상계동 677번지,1,1,1,1,0,0,1,0,1
포제스 한강,서울특별시 광진구 광장동 188-2번지,0,0,0,0,0,0,0,0,1
푸른마을 동아 아파트,서울특별시 성북구 정릉동 210번지,0,0,0,0,1,0,0,0,0
풍원하임빌,서울특별시 관악구 신림동 10-458번지,0,0,0,0,1,0,0,0,0
하계1차청구아파트,서울특별시 노원구 하계동 251번지,0,0,0,1,0,0,0,0,0
하계5단지,서울특별시 노원구 하계동 272번지,1,1,1,1,0,1,1,0,1
하나세인스톤1차,서울특별시 구로구 구로동 110-8번지,0,0,0,0,1,0,0,0,0
하나세인스톤2차,서울특별시 구로구 구로동 97-4번지,0,0,0,0,0,0,0,0,1
하버라인11단지,서울특별시 구로구 항동 블록,0,0,0,0,0,0,0,0,1
하버라인3단지,서울특별시 구로구 항동 블록,1,1,1,1,0,0,1,0,0
하월곡동 도시형생활주택,서울특별시 성북구 하월곡동 90-646번지,0,0,0,0,0,0,0,0,1
한강동부아파트,서울특별시 용산구 이촌동 302-63번지,0,0,0,0,0,0,0,0,1
한강맨션 주택재건축정비사업,서울특별시 용산구 이촌동 300-23번지,1,1,1,1,0,0,1,0,1
한강삼익아파트,서울특별시 용산구 이촌동 300-301번지,0,1,1,1,0,1,0,1,1
한강타운,서울특별시 용산구 산천동 204번지,0,0,0,0,1,0,0,0,0
한남3재정비촉진구역 주택재개발정비사업,서울특별시 용산구 한남동 686번지,1,1,1,1,0,0,1,0,1
한남4구역 (30BL),서울특별시 용산구 보광동 448번지,1,1,1,1,0,0,1,0,1
한남4구역 (31BL),서울특별시 용산구 보광동 228-30번지,1,1,1,1,0,0,1,0,1
한남4구역 (32BL),서울특별시 용산구 보광동 360번지,1,1,1,1,0,0,1,0,1
한남4구역 (33BL),서울특별시 용산구 보광동 168-32번지,1,1,1,1,0,0,1,0,1
한남4구역 (34BL),서울특별시 용산구 보광동 114-2번지,1,1,1,1,0,0,1,0,1
한남더힐,서울특별시 용산구 한남동 810번지,0,0,0,0,0,0,0,0,1
한남하이츠 아파트,서울특별시 성동구 옥수동 220-1번지,1,1,1,1,0,0,1,0,1
한솔 솔파크 더 리버,서울특별시 강동구 암사동 518번지,0,0,1,1,0,0,0,0,0
한신아파트,서울특별시 성동구 홍익동 119-1번지,1,0,0,1,0,0,1,0,1
한양수자인에듀힐즈,서울특별시 구로구 항동 블록,0,0,0,0,0,0,0,0,1
한양아이클래스 구로,서울특별시 구로구 개봉동 208-3번지,0,0,0,0,0,0,0,0,1
한양연립 일대 가로주택정비사업,서울특별시 광진구 구의동 592-39번지,1,0,1,1,1,0,1,0,1
한양연립재건축아파트,서울특별시 강서구 방화동 553-4번지,0,0,0,0,0,0,0,0,1
한영해시안아파트,서울특별시 광진구 자양동 858번지,0,0,0,0,0,0,0,0,1
한진그랑빌,서울특별시 성동구 하왕십리동 1050번지,0,0,0,1,0,0,0,0,0
한화포레나당산,서울특별시 영등포구 당산동2가 45-5번지,0,0,1,0,0,0,0,0,0
한화포레나미아,서울특별시 강북구 미아동 705-1번지,1,1,1,1,1,0,1,0,1
합정동 447일원 가로주택정비사업,서울특별시 마포구 합정동 447번지,1,1,1,0,1,0,1,0,0
항동지구 3단지 SH아파트,서울특별시 구로구 항동 블록,1,1,1,1,0,0,1,0,0
항동지구 5단지 SH아파트,서울특별시 구로구 항동 블록,1,1,1,1,0,0,1,0,1
항동지구 7단지 SH아파트,서울특별시 구로구 항동 블록,1,1,1,1,0,0,1,0,1
항동지구 8단지 SH아파트,서울특별시 구로구 항동 블록,0,1,1,1,0,0,0,0,1
항동지구 도시형생활주택3단지 SH아파트,서울특별시 구로구 항동 블록,0,0,0,0,0,0,0,0,1
해링턴 플레이스 노원 센트럴,서울특별시 노원구 상계동 690번지,1,0,0,0,1,0,1,1,0
해링턴플레이스 안암,서울특별시 성북구 안암동3가 132-17번지,1,0,1,1,0,0,1,0,1
행당동 역세권 청년주택,서울특별시 성동구 행당동 319-36번지,1,1,1,0,0,0,1,0,1
헤렌어반,서울특별시 영등포구 영등포동1가 65-1번지,0,0,0,0,0,0,0,0,1
헤센 파크힐,서울특별시 서초구 서초동 1633-4번지,0,0,0,0,0,0,0,0,1
헬리오시티,서울특별시 송파구 가락동 479번지,1,1,1,1,0,1,1,0,1
현대 힐스테이트,서울특별시 강서구 화곡동 산70-1번지,1,1,1,1,0,0,1,0,1
현대썬앤빌 테헤란,서울특별시 강남구 대치동 894번지,1,0,0,0,1,0,1,0,0
현대캐슬,서울특별시 중랑구 면목동 402-18번지,0,0,0,0,1,0,0,0,0
현대호수빌라,서울특별시 송파구 송파동 42-3번지,0,0,0,0,1,0,0,0,0
현대휴온 아파트,서울특별시 중랑구 면목동 184-2번지,0,0,0,0,0,0,0,0,1
현석동 리버뷰,서울특별시 마포구 현석동 167번지,0,0,0,0,1,0,0,0,0
호반써밋 개봉,서울특별시 구로구 개봉동 68-64번지,0,0,1,1,0,0,0,0,0
호반써밋 목동,서울특별시 양천구 신정동 1150-41번지,0,0,1,1,0,0,0,0,1
홍실아파트,서울특별시 강남구 삼성동 79번지,0,1,1,1,0,0,0,0,1
홍은 동아 더 프라임,서울특별시 서대문구 홍은동 439-1번지,0,0,1,0,0,0,0,0,0
홍은1구역 도시환경정비사업,서울특별시 서대문구 홍은동 48-149번지,1,0,1,1,0,0,1,0,0
홍은8-1 지역주택조합 공동주택,서울특별시 서대문구 홍은동 14-10번지,0,1,1,1,1,1,0,0,1
홍은8지역주택조합 공동주택,서울특별시 서대문구 홍은동 11-738번지,1,1,0,1,1,0,1,1,0
홍은동 355번지일대 가로주택정비사업,서울특별시 서대문구 홍은동 355번지,1,0,1,1,0,1,1,1,1
홍은동 동원 베네스트,서울특별시 서대문구 홍은동 17-12번지,0,0,1,1,0,0,0,0,1
홍은동322-1일원 가로주택정비사업,서울특별시 서대문구 홍은동 322-1번지,1,0,1,1,0,0,1,1,1
화랑주택 소규모재건축정비사업,서울특별시 구로구 오류동 108-1번지,1,1,1,1,0,1,1,0,0
황지헤리티지,서울특별시 강북구 미아동 90-27번지,1,0,0,0,0,0,1,0,1
회기역 하트리움,서울특별시 동대문구 휘경동 281-1번지,1,0,1,0,0,0,1,0,1
효창6구역주택재개발정비사업,서울특별시 용산구 효창동 3-250번지,1,1,1,1,0,1,1,1,0
휘경 SK VIEW,서울특별시 동대문구 휘경동 128-12번지,1,1,1,1,0,0,1,0,1
휘경 해모로 프레스티지,서울특별시 동대문구 휘경동 243번지,0,1,1,1,0,0,0,0,1
휘경3 재정비촉진구역 주택재개발정비사업,서울특별시 동대문구 휘경동 172번지,1,1,1,1,0,0,1,0,0
휘경동 2030 청년주택,서울특별시 동대문구 휘경동 281-1번지,1,0,1,0,0,0,1,0,1
휘경동 역세권 청년주택,서울특별시 동대문구 휘경동 244-1번지,0,0,0,0,0,1,0,1,1
휘경센트레빌,서울특별시 동대문구 휘경동 367번지,1,1,1,1,0,0,1,0,1
휘경자이디센시아,서울특별시 동대문구 휘경동 172번지,1,1,1,1,0,0,1,0,0
휴마레,서울특별시 동작구 신대방동 341-36번지,0,0,0,0,0,0,0,0,1
흑석11재정비촉진구역 주택재개발정비사업,서울특별시 동작구 흑석동 304번지,1,0,1,1,0,0,1,0,1
흑석한강 센트레빌Ⅱ,서울특별시 동작구 흑석동 247-2번지,1,1,1,1,0,0,1,0,1
흑석한강푸르지오,서울특별시 동작구 흑석동 67-1번지,1,1,1,1,0,0,1,0,1
힐데스하임 천호 아파트,서울특별시 강동구 천호동 437-5번지,0,1,1,1,0,0,0,0,0
힐스테이트 남산,서울특별시 중구 묵정동 35번지,1,0,0,0,0,0,1,0,1
힐스테이트 서울숲 리버,서울특별시 성동구 금호동4가 56-1번지,1,0,1,1,0,0,1,0,1
힐스테이트 세운 센트럴 1단지,서울특별시 중구 입정동 189-1번지,0,0,1,1,0,0,0,0,1
힐스테이트 세운 센트럴 2단지,서울특별시 중구 입정동 280번지,0,0,1,1,0,0,0,0,1
힐스테이트 신방화역,서울특별시 강서구 방화동 247-194번지,0,0,0,0,0,0,0,0,1
힐스테이트 장승배기역,서울특별시 동작구 노량진동 328번지,0,1,1,1,0,0,0,1,1
힐스테이트 클래시안,서울특별시 영등포구 신길동 240-16번지,0,1,1,0,0,0,0,0,1
힐하우스,서울특별시 광진구 구의동 596-1번지,0,0,0,0,1,0,0,0,1
